employee_id,age,gender,marital_status,department,job_level,monthly_income,years_at_company,years_in_current_role,total_working_years,num_companies_worked,distance_from_home,work_life_balance,job_satisfaction,performance_rating,overtime,business_travel,education,education_field,attrition
1,56,Male,Married,R&D,5,7574,14,2,39,4,5,1,4,3,No,Non-Travel,5,Marketing,0
2,46,Female,Single,Marketing,2,15324,15,2,8,1,21,4,4,4,No,Travel_Frequently,3,Marketing,0
3,32,Female,Single,Sales,5,4257,12,9,4,9,26,2,1,4,Yes,Travel_Rarely,1,Marketing,0
4,60,Male,Married,HR,2,15411,16,0,1,8,5,2,1,4,Yes,Travel_Frequently,4,Marketing,0
5,25,Female,Divorced,Finance,5,17233,2,5,8,2,20,4,4,3,Yes,Travel_Rarely,1,Other,0
6,38,Male,Divorced,R&D,3,17887,19,1,35,1,13,2,4,4,No,Travel_Frequently,4,Technical,0
7,56,Male,Divorced,R&D,2,4005,10,0,21,0,21,3,2,3,Yes,Travel_Rarely,2,Medical,0
8,36,Male,Divorced,Marketing,5,12860,18,1,21,7,29,3,1,3,Yes,Non-Travel,3,Marketing,0
9,40,Male,Single,IT,1,12070,10,5,21,2,20,2,3,3,No,Non-Travel,2,Technical,0
10,28,Female,Married,Finance,3,11388,15,3,33,6,29,4,1,4,No,Non-Travel,5,Life Sciences,0
11,28,Female,Divorced,Finance,3,16609,2,5,28,0,6,1,4,4,No,Travel_Frequently,3,Other,0
12,41,Female,Single,R&D,1,18363,5,8,37,0,20,4,4,3,Yes,Non-Travel,5,Technical,0
13,53,Male,Divorced,Sales,5,18923,13,9,32,8,18,1,2,3,Yes,Travel_Rarely,2,Marketing,0
14,57,Female,Married,IT,4,16823,17,9,17,7,25,4,2,3,No,Travel_Frequently,4,Marketing,0
15,41,Male,Single,Finance,1,19845,16,7,6,2,2,2,1,4,Yes,Travel_Rarely,5,Marketing,0
16,20,Female,Married,R&D,5,10547,3,0,0,5,25,3,2,4,Yes,Travel_Frequently,1,Technical,0
17,39,Female,Married,Finance,1,13515,14,7,32,2,26,4,3,3,Yes,Travel_Rarely,4,Marketing,0
18,19,Female,Single,IT,1,2234,10,8,0,3,6,1,3,3,No,Travel_Rarely,4,Technical,0
19,41,Male,Single,IT,2,16562,2,5,23,0,9,3,2,4,No,Travel_Frequently,2,Marketing,0
20,61,Female,Single,HR,5,19932,2,9,3,4,25,1,3,3,Yes,Travel_Frequently,2,Life Sciences,0
21,47,Female,Single,Marketing,4,9480,15,4,3,0,3,2,3,4,Yes,Non-Travel,3,Life Sciences,0
22,55,Male,Single,Marketing,2,6213,4,5,17,0,1,3,1,4,Yes,Non-Travel,3,Medical,0
23,19,Female,Single,R&D,1,12293,9,5,26,9,1,1,3,3,Yes,Travel_Rarely,1,Marketing,0
24,38,Male,Single,IT,1,3673,18,8,31,6,19,4,4,3,No,Travel_Rarely,4,Marketing,0
25,50,Female,Divorced,HR,1,4100,3,3,32,5,5,2,4,4,No,Travel_Rarely,1,Technical,0
26,29,Male,Married,HR,5,13849,18,1,27,1,13,2,1,4,Yes,Travel_Frequently,1,Technical,0
27,39,Male,Single,Finance,5,5841,10,8,35,1,19,2,2,4,Yes,Travel_Frequently,2,Marketing,0
28,61,Female,Divorced,Finance,2,12197,1,1,5,6,12,4,1,4,No,Non-Travel,1,Medical,0
29,42,Male,Divorced,HR,4,10016,9,9,15,0,16,4,2,4,Yes,Travel_Rarely,1,Marketing,0
30,44,Male,Divorced,Finance,2,9011,10,8,33,1,25,3,2,3,No,Non-Travel,5,Technical,0
31,59,Male,Married,IT,3,6493,19,1,22,7,25,4,2,4,Yes,Travel_Frequently,3,Marketing,0
32,45,Male,Single,Sales,1,19058,15,7,23,5,19,3,2,4,No,Travel_Frequently,3,Technical,0
33,33,Male,Divorced,IT,1,10578,18,8,12,1,3,2,2,4,Yes,Travel_Frequently,4,Marketing,0
34,32,Male,Married,HR,1,4158,10,9,17,6,12,3,1,3,Yes,Non-Travel,3,Other,0
35,64,Female,Married,HR,2,4064,13,8,12,3,5,1,2,3,No,Travel_Frequently,4,Technical,0
36,61,Male,Married,IT,2,5253,1,9,36,1,2,2,3,4,No,Travel_Rarely,5,Medical,0
37,20,Male,Divorced,Finance,1,14828,4,8,38,5,22,2,3,4,Yes,Non-Travel,3,Other,0
38,54,Female,Single,Finance,2,3401,4,1,16,8,7,3,2,3,Yes,Travel_Frequently,5,Marketing,0
39,24,Female,Divorced,Marketing,5,17193,18,3,14,8,13,2,3,3,No,Non-Travel,3,Technical,0
40,38,Female,Divorced,HR,5,14096,11,6,17,7,25,4,4,3,No,Non-Travel,3,Other,0
41,26,Female,Single,R&D,2,6214,17,1,22,2,15,1,1,3,Yes,Travel_Frequently,5,Medical,0
42,56,Female,Single,Marketing,1,13023,3,0,29,2,22,3,1,4,Yes,Travel_Frequently,1,Technical,0
43,35,Female,Single,Finance,2,13950,16,2,33,1,3,3,2,3,No,Non-Travel,1,Other,0
44,21,Female,Married,IT,2,12704,9,3,3,4,28,2,2,4,No,Non-Travel,1,Other,0
45,42,Male,Single,Finance,2,12343,19,7,2,3,21,4,4,4,No,Travel_Frequently,1,Other,0
46,31,Male,Divorced,IT,3,13867,5,5,6,6,20,2,2,3,No,Travel_Rarely,3,Life Sciences,0
47,26,Female,Single,Marketing,5,4745,13,1,17,3,5,2,3,3,No,Non-Travel,2,Marketing,0
48,43,Male,Divorced,HR,4,5866,10,8,6,8,24,3,4,3,Yes,Non-Travel,5,Technical,0
49,19,Male,Married,Finance,4,13956,10,1,39,1,8,2,3,3,Yes,Travel_Rarely,2,Technical,0
50,37,Male,Divorced,IT,3,7818,17,4,5,5,22,1,1,4,No,Travel_Frequently,2,Technical,0
51,45,Female,Divorced,HR,2,18093,17,3,21,6,1,2,3,4,Yes,Travel_Frequently,4,Other,0
52,64,Female,Single,R&D,3,17493,10,6,0,3,8,2,1,4,Yes,Travel_Rarely,1,Marketing,0
53,24,Male,Single,IT,3,19908,11,7,3,5,24,3,3,3,No,Travel_Frequently,3,Medical,0
54,61,Female,Divorced,Marketing,1,10224,4,4,28,6,18,2,1,4,Yes,Travel_Frequently,1,Technical,0
55,25,Male,Single,R&D,5,6025,8,9,20,3,20,4,2,3,Yes,Non-Travel,1,Marketing,0
56,64,Male,Married,R&D,4,8155,8,4,25,7,28,3,3,4,Yes,Non-Travel,2,Marketing,0
57,52,Male,Married,Sales,2,15839,9,1,13,8,16,2,1,3,No,Non-Travel,4,Life Sciences,0
58,31,Male,Single,Finance,4,2719,18,7,8,0,18,1,3,4,No,Travel_Rarely,1,Technical,0
59,34,Female,Married,IT,4,16890,0,1,11,6,20,1,4,4,Yes,Travel_Frequently,5,Other,0
60,53,Female,Single,R&D,5,19356,6,9,5,8,12,3,2,3,Yes,Travel_Frequently,5,Marketing,0
61,57,Female,Divorced,Sales,4,6426,3,5,19,9,13,3,1,4,Yes,Non-Travel,1,Marketing,0
62,21,Male,Divorced,Marketing,4,14512,0,7,23,4,13,2,4,4,Yes,Non-Travel,2,Medical,0
63,19,Female,Married,HR,3,17064,14,5,26,1,10,4,3,3,Yes,Travel_Rarely,2,Life Sciences,0
64,23,Male,Single,IT,5,15767,7,3,37,9,7,2,4,3,Yes,Travel_Frequently,3,Marketing,0
65,59,Female,Single,R&D,1,13308,11,3,7,5,25,1,3,3,No,Travel_Rarely,4,Marketing,0
66,21,Male,Married,Finance,2,13477,17,5,0,6,14,4,2,3,Yes,Travel_Frequently,2,Other,0
67,46,Male,Divorced,Sales,4,14903,14,3,23,1,24,4,4,3,Yes,Travel_Rarely,3,Other,0
68,35,Male,Married,R&D,2,10680,16,7,6,1,16,4,2,4,No,Non-Travel,5,Medical,0
69,43,Female,Divorced,Finance,1,4204,13,8,18,9,15,2,1,3,Yes,Travel_Rarely,5,Medical,0
70,61,Female,Single,R&D,2,3102,13,0,21,9,12,1,3,4,Yes,Travel_Rarely,5,Medical,0
71,51,Female,Divorced,IT,1,7243,17,3,34,0,9,3,3,4,Yes,Non-Travel,1,Other,0
72,27,Female,Married,IT,3,8614,19,3,29,3,8,2,2,3,Yes,Travel_Frequently,4,Other,0
73,53,Male,Single,IT,4,18299,17,1,28,6,18,3,2,4,No,Travel_Frequently,3,Life Sciences,0
74,31,Female,Married,Marketing,1,10707,15,5,21,8,23,4,1,4,Yes,Non-Travel,4,Technical,0
75,48,Female,Married,Marketing,2,15913,0,2,10,2,18,4,4,3,No,Travel_Rarely,1,Technical,0
76,32,Male,Divorced,Sales,4,2630,10,6,19,6,13,2,3,4,Yes,Travel_Rarely,3,Life Sciences,0
77,25,Male,Married,IT,3,13908,14,4,28,6,28,1,3,3,Yes,Travel_Rarely,3,Technical,0
78,31,Male,Divorced,Finance,4,12847,11,3,33,6,27,4,1,3,No,Travel_Frequently,2,Other,0
79,40,Female,Single,R&D,1,11171,7,4,0,1,18,3,1,3,Yes,Travel_Rarely,4,Technical,0
80,57,Male,Divorced,HR,3,14721,19,7,30,5,15,3,2,4,No,Travel_Frequently,4,Other,0
81,38,Male,Single,Finance,2,18661,5,2,29,1,4,2,2,4,No,Travel_Rarely,2,Life Sciences,0
82,33,Male,Divorced,Marketing,3,18616,2,6,17,5,17,3,4,4,No,Non-Travel,5,Medical,0
83,62,Female,Married,Marketing,3,11744,12,5,16,9,5,1,1,4,Yes,Non-Travel,1,Life Sciences,0
84,35,Male,Divorced,Finance,5,7690,12,0,37,2,22,4,4,3,Yes,Travel_Frequently,4,Technical,0
85,64,Female,Divorced,Marketing,3,15401,1,6,13,1,16,3,1,4,Yes,Travel_Frequently,2,Other,0
86,41,Female,Single,IT,3,9659,4,6,22,5,9,3,3,3,Yes,Non-Travel,3,Technical,0
87,43,Male,Married,Sales,4,12601,16,0,24,1,10,4,1,4,No,Non-Travel,2,Technical,0
88,42,Male,Divorced,R&D,2,13704,5,8,14,4,24,2,1,4,Yes,Travel_Rarely,5,Medical,0
89,62,Female,Married,Sales,4,2025,1,5,21,1,18,3,3,4,Yes,Non-Travel,1,Technical,0
90,58,Male,Divorced,R&D,4,17384,3,1,2,2,17,2,1,4,No,Travel_Frequently,5,Medical,0
91,46,Male,Divorced,R&D,1,15705,10,4,18,2,18,2,4,4,No,Non-Travel,3,Other,0
92,32,Female,Married,Sales,4,10652,7,3,33,5,7,3,2,3,Yes,Travel_Frequently,3,Other,0
93,62,Female,Divorced,Finance,5,15379,11,6,34,5,4,1,2,4,No,Travel_Frequently,3,Medical,0
94,18,Male,Married,R&D,5,9006,7,7,0,9,26,2,4,4,No,Travel_Rarely,3,Life Sciences,0
95,42,Female,Divorced,Sales,1,10682,10,0,20,2,5,3,3,4,No,Travel_Rarely,2,Other,0
96,24,Male,Single,R&D,2,3072,19,4,28,2,28,2,1,4,No,Travel_Rarely,3,Life Sciences,0
97,26,Male,Married,HR,2,2215,7,2,5,0,23,4,4,3,No,Travel_Rarely,3,Other,0
98,41,Male,Divorced,Finance,4,11915,7,0,36,6,16,1,2,4,Yes,Non-Travel,2,Other,0
99,18,Female,Divorced,IT,4,11784,16,2,0,7,3,1,2,3,Yes,Travel_Rarely,3,Marketing,0
100,61,Male,Single,R&D,4,16824,19,5,0,1,26,4,4,4,Yes,Non-Travel,5,Technical,0
101,25,Male,Married,HR,2,5313,19,6,26,3,18,4,2,3,Yes,Travel_Rarely,5,Technical,0
102,41,Male,Divorced,IT,3,13033,15,7,20,9,29,2,4,3,Yes,Travel_Rarely,4,Life Sciences,0
103,28,Female,Single,IT,5,11968,13,3,15,6,23,4,2,3,Yes,Travel_Frequently,5,Technical,0
104,34,Female,Divorced,R&D,3,18241,10,2,39,7,21,1,4,3,Yes,Non-Travel,1,Life Sciences,0
105,25,Female,Married,Sales,3,7939,6,4,25,0,14,4,1,3,No,Travel_Frequently,1,Other,0
106,52,Female,Divorced,R&D,2,16696,15,8,15,3,15,3,1,4,Yes,Travel_Rarely,1,Marketing,0
107,52,Female,Divorced,HR,3,16794,12,5,27,5,17,3,1,3,Yes,Non-Travel,2,Marketing,0
108,50,Male,Divorced,IT,1,4295,14,8,0,2,1,2,1,4,Yes,Travel_Rarely,5,Other,0
109,22,Female,Divorced,R&D,4,3696,15,5,35,4,25,1,2,3,No,Travel_Frequently,1,Medical,0
110,59,Female,Single,Sales,1,13185,8,1,9,9,21,3,3,3,Yes,Non-Travel,4,Medical,0
111,56,Female,Single,R&D,5,14001,2,4,16,8,17,4,4,4,Yes,Travel_Frequently,2,Technical,0
112,58,Male,Married,Finance,4,16350,18,8,22,2,23,3,3,3,No,Travel_Rarely,4,Life Sciences,0
113,45,Female,Single,Sales,3,5644,19,7,6,4,25,3,2,3,Yes,Travel_Rarely,5,Marketing,0
114,24,Female,Single,HR,5,8420,4,6,6,7,11,2,2,3,Yes,Travel_Rarely,3,Technical,0
115,26,Male,Married,IT,4,13837,9,0,14,5,17,4,3,3,No,Non-Travel,4,Other,0
116,25,Female,Single,R&D,3,8353,16,3,33,3,26,4,3,4,Yes,Travel_Frequently,3,Marketing,0
117,29,Male,Single,Sales,1,12541,14,6,3,7,14,4,2,3,No,Travel_Frequently,2,Life Sciences,0
118,51,Male,Married,Finance,4,3932,7,6,13,2,29,2,2,3,Yes,Travel_Rarely,4,Life Sciences,0
119,50,Male,Married,Sales,3,13486,14,5,13,2,20,4,4,4,Yes,Travel_Frequently,4,Medical,0
120,40,Male,Married,Marketing,1,3757,13,7,15,3,19,4,1,4,Yes,Non-Travel,2,Technical,0
121,41,Male,Divorced,Finance,5,7085,19,5,6,8,21,3,1,3,No,Travel_Rarely,2,Other,0
122,54,Female,Divorced,HR,5,7637,6,9,31,4,7,3,4,3,No,Travel_Rarely,1,Marketing,0
123,52,Male,Married,IT,5,3116,11,2,18,7,24,4,3,4,No,Travel_Rarely,5,Life Sciences,0
124,61,Male,Married,HR,5,12759,16,3,1,5,13,1,2,3,Yes,Non-Travel,4,Marketing,0
125,57,Female,Married,R&D,2,13691,16,2,9,2,18,1,3,4,Yes,Travel_Rarely,4,Other,0
126,39,Male,Divorced,Sales,4,2492,9,0,16,7,23,4,1,3,No,Travel_Rarely,2,Marketing,0
127,44,Female,Divorced,Marketing,4,10811,18,9,36,8,14,1,1,4,No,Travel_Rarely,2,Technical,0
128,52,Female,Single,Finance,2,8474,13,4,11,7,1,2,3,4,Yes,Travel_Rarely,5,Medical,0
129,18,Female,Single,Finance,3,16385,10,0,5,3,7,3,1,4,Yes,Travel_Frequently,2,Marketing,0
130,52,Male,Married,Sales,3,11738,1,0,21,5,8,2,2,3,Yes,Travel_Rarely,3,Medical,0
131,54,Male,Divorced,Marketing,5,15979,17,1,31,0,18,3,4,3,Yes,Non-Travel,3,Other,0
132,64,Male,Divorced,Sales,1,13755,6,3,19,3,9,1,3,3,No,Travel_Rarely,3,Medical,0
133,31,Female,Divorced,R&D,3,11797,11,5,0,7,1,1,2,3,Yes,Travel_Rarely,3,Marketing,0
134,20,Male,Married,HR,1,16607,1,7,5,0,29,4,2,4,Yes,Travel_Frequently,5,Marketing,0
135,18,Male,Single,Finance,4,14867,19,2,18,2,22,1,1,4,Yes,Travel_Rarely,4,Life Sciences,0
136,22,Male,Married,R&D,1,9866,17,0,17,0,17,1,2,4,Yes,Travel_Frequently,3,Marketing,0
137,43,Female,Single,HR,4,17449,5,2,5,8,19,4,3,3,Yes,Non-Travel,2,Medical,0
138,31,Female,Single,R&D,2,12685,9,2,32,1,27,4,2,3,Yes,Travel_Frequently,3,Life Sciences,0
139,56,Male,Married,Marketing,2,7451,19,4,22,8,6,3,4,3,Yes,Travel_Rarely,5,Marketing,0
140,44,Male,Single,Finance,5,10548,14,3,22,3,3,1,2,4,No,Non-Travel,2,Marketing,0
141,26,Male,Single,Sales,3,9186,4,3,25,1,24,3,2,3,No,Travel_Rarely,3,Other,0
142,32,Male,Divorced,Sales,5,8102,19,8,12,3,5,3,4,3,No,Travel_Frequently,4,Life Sciences,0
143,32,Female,Single,HR,4,2619,2,6,6,9,2,2,2,4,Yes,Non-Travel,2,Other,0
144,43,Female,Married,IT,5,2882,4,3,14,5,20,1,2,4,No,Non-Travel,2,Other,0
145,59,Female,Married,Marketing,1,5642,7,2,26,6,25,1,1,3,Yes,Travel_Frequently,4,Other,0
146,30,Female,Single,HR,4,3296,7,5,25,2,4,2,3,4,Yes,Travel_Frequently,2,Technical,0
147,49,Male,Divorced,IT,2,16122,7,2,32,2,10,3,1,3,Yes,Non-Travel,3,Other,0
148,56,Male,Divorced,R&D,3,4895,11,5,14,9,10,1,3,4,Yes,Non-Travel,2,Medical,0
149,49,Male,Single,Marketing,4,19313,7,8,35,7,24,3,4,4,No,Travel_Frequently,3,Marketing,0
150,21,Female,Single,R&D,4,7366,10,5,26,4,21,2,4,4,Yes,Travel_Rarely,4,Technical,0
151,47,Male,Married,Finance,1,10711,13,3,4,3,11,4,4,3,Yes,Non-Travel,1,Other,0
152,54,Female,Single,Marketing,3,10199,7,4,1,6,27,3,3,3,No,Travel_Frequently,4,Marketing,0
153,40,Female,Divorced,IT,2,12717,9,5,32,6,16,1,3,3,No,Travel_Rarely,3,Life Sciences,0
154,56,Male,Single,Finance,4,5423,6,2,15,8,26,4,3,4,No,Non-Travel,5,Life Sciences,0
155,62,Male,Married,Sales,4,12211,16,7,22,8,29,3,4,4,Yes,Non-Travel,4,Marketing,0
156,32,Male,Married,IT,1,14782,3,3,37,4,29,3,3,4,No,Travel_Frequently,5,Medical,0
157,60,Female,Married,HR,5,14474,12,7,15,7,17,4,2,4,Yes,Travel_Rarely,5,Marketing,0
158,46,Male,Married,Sales,2,5667,3,9,13,9,16,4,1,3,Yes,Non-Travel,3,Marketing,0
159,53,Female,Married,Sales,3,10277,4,9,28,0,7,4,4,3,No,Travel_Rarely,3,Technical,0
160,30,Male,Single,HR,4,14424,3,2,25,8,16,1,1,3,No,Travel_Rarely,1,Life Sciences,0
161,49,Female,Single,Marketing,4,10155,17,9,34,7,3,1,2,4,No,Non-Travel,2,Life Sciences,0
162,24,Female,Single,Sales,2,5583,5,6,14,5,26,3,3,4,Yes,Travel_Rarely,4,Other,0
163,39,Male,Single,IT,5,17515,1,8,2,2,16,3,1,3,Yes,Non-Travel,3,Marketing,0
164,45,Female,Married,Finance,4,6009,10,3,22,2,8,2,2,4,Yes,Travel_Rarely,4,Marketing,0
165,19,Female,Divorced,Sales,2,12410,13,7,28,7,12,1,2,3,Yes,Non-Travel,5,Medical,0
166,59,Male,Single,IT,1,6967,4,2,33,4,3,3,1,4,Yes,Travel_Frequently,2,Life Sciences,0
167,62,Female,Divorced,R&D,5,12695,5,6,32,9,17,4,4,4,Yes,Non-Travel,1,Medical,0
168,23,Male,Single,IT,3,11135,9,2,22,6,21,4,1,3,No,Non-Travel,4,Technical,0
169,45,Female,Single,Finance,4,7722,7,6,6,4,18,1,4,3,Yes,Non-Travel,2,Other,0
170,45,Male,Divorced,IT,2,17514,13,9,2,7,11,4,3,4,No,Travel_Rarely,1,Medical,0
171,61,Male,Married,HR,1,13128,2,9,31,9,4,2,4,3,No,Travel_Frequently,4,Life Sciences,0
172,61,Female,Single,Finance,3,6444,11,5,30,9,16,3,3,3,No,Travel_Rarely,2,Technical,0
173,37,Female,Single,Marketing,2,9618,15,1,17,3,17,3,1,4,No,Travel_Rarely,3,Marketing,0
174,47,Female,Single,R&D,2,3196,16,2,6,1,9,3,3,4,No,Non-Travel,4,Technical,0
175,28,Female,Divorced,HR,3,14297,0,5,0,2,6,1,2,4,Yes,Travel_Rarely,2,Medical,0
176,45,Female,Married,Marketing,1,4787,9,3,13,7,24,4,3,3,Yes,Non-Travel,1,Life Sciences,0
177,42,Male,Divorced,IT,1,9927,9,5,31,6,27,2,4,4,Yes,Travel_Frequently,2,Medical,0
178,56,Female,Divorced,Finance,5,4176,1,0,5,1,20,1,4,4,Yes,Travel_Rarely,3,Marketing,0
179,50,Male,Married,R&D,4,10792,8,9,38,5,25,3,4,4,No,Travel_Rarely,4,Marketing,0
180,18,Male,Divorced,HR,3,11171,12,0,9,8,2,2,3,4,No,Travel_Rarely,4,Life Sciences,0
181,44,Female,Married,Marketing,3,4451,15,2,6,3,9,3,4,4,No,Non-Travel,4,Other,0
182,30,Male,Single,Marketing,3,2628,17,7,25,8,28,3,4,3,Yes,Non-Travel,3,Technical,0
183,58,Male,Married,R&D,1,11821,18,7,33,1,21,1,2,4,Yes,Travel_Rarely,1,Technical,0
184,20,Male,Single,IT,4,9778,11,3,29,1,29,3,3,4,Yes,Travel_Rarely,4,Marketing,0
185,56,Male,Divorced,R&D,5,5696,7,5,35,8,6,2,2,3,Yes,Travel_Frequently,1,Medical,0
186,23,Female,Divorced,Marketing,2,14972,16,7,20,6,3,3,4,4,No,Travel_Frequently,2,Medical,0
187,25,Male,Single,Sales,2,10307,14,6,16,6,20,4,4,4,No,Travel_Frequently,1,Other,0
188,44,Female,Divorced,HR,3,6956,9,6,32,0,6,3,4,3,Yes,Travel_Frequently,1,Medical,0
189,26,Female,Married,R&D,4,12195,14,3,9,5,7,1,3,4,Yes,Travel_Frequently,4,Technical,0
190,54,Male,Single,Marketing,1,19076,14,8,11,6,1,2,1,3,No,Non-Travel,5,Medical,0
191,50,Female,Divorced,IT,4,3105,6,9,15,5,23,1,4,4,No,Travel_Frequently,5,Other,0
192,59,Female,Single,Marketing,4,17417,12,5,31,5,1,4,4,3,No,Travel_Frequently,3,Technical,0
193,61,Female,Married,IT,1,16188,16,2,14,1,5,3,4,3,No,Travel_Rarely,3,Medical,0
194,41,Male,Married,R&D,3,14602,8,4,26,5,6,1,4,4,Yes,Non-Travel,5,Technical,0
195,32,Female,Divorced,IT,4,11256,7,4,27,3,13,1,3,3,No,Travel_Frequently,2,Marketing,0
196,49,Female,Married,Finance,2,16212,19,4,16,8,2,1,1,3,No,Travel_Frequently,4,Marketing,0
197,49,Female,Single,Finance,1,3913,17,7,1,0,15,1,1,4,No,Travel_Frequently,4,Marketing,0
198,41,Male,Married,Finance,5,12593,12,8,35,7,15,4,1,4,No,Travel_Rarely,2,Medical,0
199,58,Female,Single,Sales,3,3772,15,8,6,4,13,4,4,3,Yes,Travel_Rarely,2,Other,0
200,29,Male,Single,R&D,1,14996,8,5,12,0,26,3,4,4,Yes,Travel_Rarely,5,Technical,0
201,56,Male,Married,Marketing,5,4871,11,5,14,3,25,3,1,3,Yes,Travel_Frequently,3,Life Sciences,0
202,19,Male,Divorced,Marketing,5,15234,11,8,24,0,14,2,1,3,Yes,Travel_Rarely,2,Marketing,0
203,20,Male,Married,Sales,4,19044,5,3,22,5,26,4,4,4,Yes,Travel_Frequently,3,Marketing,0
204,54,Male,Single,IT,4,12521,18,5,21,1,22,1,4,4,Yes,Non-Travel,1,Life Sciences,0
205,34,Male,Single,Sales,4,12642,6,3,25,4,7,1,2,3,No,Travel_Frequently,4,Life Sciences,0
206,19,Female,Married,IT,1,3132,2,0,32,6,14,2,2,4,No,Travel_Rarely,5,Medical,0
207,19,Male,Divorced,IT,1,2699,15,6,10,1,26,1,2,4,No,Non-Travel,4,Technical,0
208,45,Female,Divorced,HR,3,16534,17,9,9,5,24,2,1,3,No,Travel_Frequently,5,Marketing,0
209,40,Female,Single,Marketing,4,12230,15,5,24,5,27,3,3,3,Yes,Non-Travel,1,Other,0
210,54,Male,Single,Finance,5,8297,6,8,36,4,29,4,4,3,No,Non-Travel,4,Medical,0
211,49,Female,Divorced,IT,2,14839,3,6,37,4,10,2,2,3,Yes,Non-Travel,1,Medical,0
212,50,Female,Married,HR,3,9812,7,6,23,2,17,1,3,3,No,Travel_Frequently,5,Other,0
213,18,Female,Single,Marketing,1,6557,12,1,39,9,14,2,4,3,No,Travel_Rarely,2,Other,0
214,36,Female,Single,Finance,3,4179,12,8,32,9,8,3,3,4,No,Travel_Frequently,4,Other,0
215,19,Male,Divorced,IT,3,13030,16,9,16,1,4,1,1,3,Yes,Travel_Rarely,1,Life Sciences,0
216,61,Female,Married,IT,3,11065,16,8,23,6,26,3,1,4,No,Travel_Frequently,4,Marketing,0
217,43,Male,Divorced,Sales,3,10275,4,5,36,0,16,3,1,4,Yes,Travel_Frequently,4,Life Sciences,0
218,49,Female,Married,Sales,2,19806,5,2,1,5,24,2,2,3,Yes,Travel_Frequently,4,Marketing,0
219,23,Female,Married,Marketing,4,17089,18,0,31,5,13,3,4,4,No,Travel_Rarely,3,Life Sciences,0
220,49,Male,Married,Finance,5,5180,12,3,23,2,22,1,1,3,Yes,Travel_Frequently,1,Technical,0
221,21,Female,Single,IT,3,8696,13,2,8,1,27,3,2,4,Yes,Non-Travel,1,Marketing,0
222,28,Female,Divorced,Marketing,3,11583,3,0,3,1,25,3,2,3,No,Travel_Frequently,4,Medical,0
223,34,Female,Divorced,Marketing,3,18998,6,2,16,8,27,2,2,3,No,Non-Travel,2,Marketing,0
224,55,Male,Married,R&D,4,15869,7,3,16,4,20,3,2,3,No,Travel_Rarely,4,Marketing,0
225,41,Female,Single,Sales,1,13757,12,7,29,6,18,4,1,3,No,Travel_Rarely,3,Marketing,0
226,22,Male,Single,Finance,1,18654,5,8,39,4,14,2,2,4,No,Travel_Frequently,5,Technical,0
227,51,Female,Divorced,IT,2,14258,5,2,10,6,18,2,1,4,No,Travel_Frequently,3,Life Sciences,0
228,23,Male,Single,Marketing,1,4468,2,5,20,3,5,1,1,4,Yes,Travel_Frequently,2,Medical,0
229,39,Male,Single,IT,3,16208,2,9,20,7,26,1,2,4,No,Non-Travel,4,Life Sciences,0
230,28,Female,Married,R&D,3,17042,12,4,17,9,9,1,1,4,No,Travel_Rarely,1,Life Sciences,0
231,33,Female,Single,Finance,3,17639,1,5,28,9,28,1,4,3,Yes,Non-Travel,4,Other,0
232,50,Male,Married,Marketing,2,13546,15,3,23,6,3,4,4,3,No,Non-Travel,2,Technical,0
233,26,Male,Divorced,IT,3,14327,5,9,9,9,8,2,3,3,Yes,Travel_Frequently,1,Other,0
234,23,Female,Single,Sales,1,16270,7,5,16,4,20,3,4,3,No,Travel_Frequently,3,Technical,0
235,33,Male,Divorced,R&D,4,17523,7,6,17,5,22,1,1,3,No,Non-Travel,5,Life Sciences,0
236,46,Female,Divorced,Finance,4,16300,5,8,19,4,10,1,1,4,Yes,Non-Travel,5,Life Sciences,0
237,20,Female,Single,R&D,5,12775,13,9,36,6,22,1,4,3,No,Travel_Frequently,4,Technical,0
238,37,Female,Single,Sales,1,14265,2,6,17,1,19,3,2,3,Yes,Travel_Frequently,3,Life Sciences,0
239,53,Female,Divorced,Finance,3,18673,9,5,16,4,21,1,2,4,No,Non-Travel,2,Life Sciences,0
240,36,Male,Single,R&D,4,8614,2,0,8,9,28,3,1,4,No,Travel_Frequently,5,Medical,0
241,43,Female,Married,HR,1,5252,11,1,13,2,3,2,2,3,Yes,Travel_Frequently,3,Other,0
242,20,Male,Married,Sales,4,9415,16,0,28,8,11,2,3,3,No,Non-Travel,4,Other,0
243,36,Female,Single,Sales,3,18662,4,8,30,5,11,2,3,4,No,Non-Travel,1,Other,0
244,37,Male,Divorced,Sales,4,13116,19,9,3,9,17,4,4,3,Yes,Travel_Rarely,4,Marketing,0
245,49,Female,Single,HR,5,18964,8,9,17,2,16,3,4,3,No,Non-Travel,4,Medical,0
246,24,Male,Single,HR,5,6958,19,8,19,6,7,1,2,3,Yes,Travel_Frequently,3,Other,0
247,58,Male,Divorced,IT,4,6276,6,6,8,3,4,1,1,4,No,Non-Travel,5,Other,0
248,50,Female,Divorced,Marketing,1,6776,3,1,12,2,23,1,4,3,Yes,Non-Travel,3,Medical,0
249,57,Female,Married,R&D,1,19208,12,5,14,7,19,1,3,3,No,Non-Travel,1,Life Sciences,0
250,56,Female,Divorced,IT,1,5832,12,3,26,3,12,4,4,4,Yes,Travel_Rarely,3,Other,0
251,35,Female,Married,R&D,4,16901,9,0,14,0,15,1,4,4,Yes,Travel_Rarely,2,Life Sciences,0
252,57,Male,Divorced,Marketing,1,7445,17,0,27,5,11,4,3,4,No,Travel_Frequently,4,Other,0
253,18,Female,Single,HR,3,3380,16,4,36,9,5,3,1,3,No,Travel_Rarely,5,Technical,0
254,28,Male,Married,Marketing,5,11865,19,1,18,0,5,2,4,4,Yes,Non-Travel,1,Marketing,0
255,45,Male,Married,HR,3,15926,19,3,25,4,15,1,4,3,No,Travel_Rarely,4,Other,0
256,42,Female,Married,Marketing,1,13580,12,0,25,6,29,2,4,4,Yes,Non-Travel,3,Technical,0
257,40,Male,Single,IT,3,7634,16,3,24,5,18,3,2,3,No,Travel_Rarely,2,Medical,0
258,48,Male,Single,Finance,1,7810,3,5,25,1,11,3,4,4,No,Travel_Rarely,3,Technical,0
259,47,Male,Single,IT,4,12179,0,9,25,3,26,1,3,3,Yes,Travel_Rarely,4,Medical,0
260,59,Male,Single,R&D,3,14251,0,3,27,1,12,3,1,3,Yes,Non-Travel,1,Other,0
261,52,Female,Single,IT,4,15131,14,0,17,0,2,2,1,4,No,Travel_Rarely,5,Medical,0
262,24,Female,Married,Sales,4,14707,12,6,31,2,20,1,3,4,No,Non-Travel,4,Technical,0
263,33,Female,Single,R&D,2,4749,16,1,2,2,15,4,2,3,No,Non-Travel,1,Marketing,0
264,43,Female,Married,Marketing,1,15156,7,8,1,6,20,1,3,4,No,Travel_Frequently,4,Life Sciences,0
265,19,Male,Single,R&D,5,18589,17,2,32,0,4,2,1,3,No,Travel_Rarely,2,Life Sciences,0
266,18,Male,Divorced,Finance,1,5450,12,7,18,8,22,1,3,4,Yes,Travel_Frequently,3,Marketing,0
267,29,Female,Married,HR,5,9214,13,7,16,5,18,1,2,4,No,Travel_Frequently,5,Life Sciences,0
268,22,Female,Divorced,Marketing,1,13814,7,2,32,3,6,2,1,3,No,Non-Travel,1,Other,0
269,54,Female,Married,R&D,4,7141,7,3,11,2,23,1,2,4,Yes,Travel_Rarely,5,Other,0
270,49,Male,Divorced,Marketing,3,4708,14,1,2,2,27,1,3,4,Yes,Non-Travel,5,Technical,0
271,26,Female,Single,Marketing,3,17088,12,3,25,1,26,2,4,3,Yes,Non-Travel,5,Technical,0
272,58,Female,Single,Marketing,2,13834,6,8,34,1,19,3,3,3,No,Travel_Rarely,1,Medical,0
273,52,Female,Single,HR,5,14278,4,1,7,9,11,2,2,4,Yes,Non-Travel,1,Technical,0
274,36,Male,Married,IT,5,12014,16,2,35,4,28,1,3,3,Yes,Travel_Rarely,5,Other,0
275,33,Male,Divorced,Marketing,5,5273,15,3,6,8,24,4,4,4,Yes,Travel_Rarely,3,Technical,0
276,20,Male,Single,Sales,4,16367,1,4,35,1,2,4,2,4,Yes,Non-Travel,4,Life Sciences,0
277,37,Male,Divorced,Finance,5,6538,17,0,15,1,27,2,3,3,No,Non-Travel,5,Medical,0
278,41,Male,Divorced,HR,3,14541,16,6,23,5,8,4,2,3,No,Travel_Frequently,2,Medical,0
279,50,Male,Single,R&D,4,10712,6,9,0,9,29,1,2,3,No,Non-Travel,5,Other,0
280,41,Male,Single,HR,1,11168,12,6,24,1,11,1,1,3,Yes,Travel_Rarely,1,Technical,0
281,28,Male,Divorced,R&D,5,5551,17,8,9,3,5,2,1,3,Yes,Travel_Frequently,4,Life Sciences,0
282,25,Female,Single,HR,5,14297,13,3,15,5,18,1,2,3,Yes,Travel_Rarely,2,Technical,0
283,53,Female,Single,R&D,1,12965,17,5,15,4,23,3,3,4,Yes,Travel_Frequently,4,Marketing,0
284,55,Male,Single,Marketing,5,4832,12,1,7,0,18,1,3,4,Yes,Non-Travel,4,Technical,0
285,57,Male,Married,IT,1,15422,10,3,28,5,14,2,3,3,Yes,Non-Travel,2,Other,0
286,37,Female,Divorced,R&D,4,2152,15,1,38,0,22,3,4,4,No,Non-Travel,5,Technical,0
287,52,Male,Divorced,R&D,3,13156,16,9,27,2,10,3,2,4,No,Travel_Rarely,5,Medical,0
288,42,Male,Married,Sales,1,13108,7,4,5,9,3,4,2,4,Yes,Travel_Frequently,5,Life Sciences,0
289,52,Male,Divorced,R&D,2,4800,18,6,15,4,9,1,4,4,No,Travel_Rarely,3,Other,0
290,42,Female,Single,Sales,1,7310,19,0,19,9,3,2,2,3,Yes,Travel_Frequently,5,Marketing,0
291,46,Female,Divorced,Finance,5,11944,14,9,15,4,11,4,2,4,Yes,Non-Travel,2,Life Sciences,0
292,35,Female,Single,Marketing,4,4610,8,9,6,9,12,4,4,4,No,Travel_Rarely,3,Life Sciences,0
293,63,Female,Married,Sales,4,14067,19,6,13,5,12,1,1,3,Yes,Non-Travel,5,Medical,0
294,35,Female,Single,IT,1,3104,9,9,25,9,3,1,2,3,No,Travel_Rarely,3,Medical,0
295,19,Male,Divorced,Marketing,3,12728,11,5,25,7,21,2,4,3,Yes,Non-Travel,2,Medical,0
296,52,Female,Divorced,Sales,2,9263,19,5,13,4,7,4,3,3,Yes,Travel_Rarely,5,Other,0
297,33,Male,Divorced,Marketing,4,3914,0,7,6,0,14,2,1,4,No,Travel_Rarely,1,Technical,0
298,58,Male,Married,Marketing,5,2406,19,7,32,4,24,4,3,3,Yes,Travel_Frequently,2,Life Sciences,0
299,53,Female,Married,Marketing,5,15689,8,5,25,2,28,4,2,4,Yes,Non-Travel,4,Technical,0
300,50,Female,Divorced,Finance,3,2166,14,2,19,3,11,4,1,4,Yes,Travel_Frequently,4,Technical,0
301,21,Male,Single,IT,4,2508,0,4,2,7,7,1,4,3,No,Travel_Frequently,2,Medical,0
302,50,Male,Married,HR,1,5664,11,1,3,6,25,4,2,3,Yes,Non-Travel,4,Technical,0
303,31,Male,Divorced,HR,5,15050,2,4,25,4,21,4,4,3,Yes,Travel_Rarely,2,Life Sciences,0
304,38,Female,Divorced,Sales,3,2680,10,8,10,1,10,4,1,3,Yes,Travel_Frequently,1,Life Sciences,0
305,37,Female,Married,Marketing,4,6357,1,9,1,5,11,3,3,3,No,Non-Travel,2,Marketing,0
306,25,Female,Married,Sales,4,3363,15,0,13,5,15,1,2,3,No,Travel_Rarely,5,Other,0
307,24,Female,Married,Finance,4,11523,8,9,29,9,19,3,2,4,No,Travel_Frequently,5,Technical,0
308,20,Female,Single,Finance,4,4292,14,4,11,9,16,1,4,4,No,Travel_Frequently,3,Other,0
309,34,Male,Single,R&D,4,3538,11,5,25,5,22,2,1,4,No,Travel_Frequently,4,Other,0
310,50,Female,Divorced,Finance,5,5408,0,6,32,8,21,3,4,4,Yes,Travel_Rarely,4,Other,0
311,29,Male,Married,R&D,3,10752,12,8,12,7,28,2,1,3,No,Travel_Frequently,2,Other,0
312,39,Male,Single,IT,4,2174,13,5,13,7,20,4,2,3,No,Travel_Rarely,4,Life Sciences,0
313,39,Male,Married,Sales,2,4230,7,4,23,0,12,2,1,4,Yes,Travel_Frequently,5,Technical,0
314,63,Female,Divorced,IT,2,6287,7,6,33,4,18,2,2,4,No,Non-Travel,1,Marketing,0
315,47,Female,Single,Finance,3,14112,11,0,25,6,23,2,1,4,Yes,Travel_Frequently,2,Other,0
316,55,Female,Single,IT,1,9106,0,4,20,5,13,2,3,3,No,Non-Travel,4,Marketing,0
317,55,Male,Single,IT,1,11689,10,1,27,4,5,1,1,3,Yes,Non-Travel,5,Life Sciences,0
318,62,Male,Divorced,IT,1,14046,7,3,35,7,4,3,3,3,Yes,Non-Travel,3,Life Sciences,0
319,25,Male,Married,Finance,2,19951,9,6,39,2,28,1,1,4,No,Travel_Rarely,4,Medical,0
320,44,Male,Single,Marketing,1,3151,18,4,1,5,14,1,1,4,No,Non-Travel,1,Other,0
321,44,Male,Divorced,IT,5,9619,10,5,8,4,8,1,4,3,Yes,Travel_Frequently,1,Medical,0
322,51,Male,Married,R&D,4,8033,6,1,22,7,9,2,4,3,Yes,Travel_Rarely,4,Marketing,0
323,38,Female,Divorced,Finance,2,10560,10,2,14,3,25,1,2,4,Yes,Non-Travel,4,Technical,0
324,47,Female,Married,IT,3,6946,16,6,12,7,19,3,4,4,Yes,Travel_Rarely,5,Medical,0
325,50,Female,Divorced,Marketing,3,3907,0,1,22,9,3,1,1,3,Yes,Travel_Rarely,4,Life Sciences,0
326,45,Female,Married,Finance,4,5490,7,5,16,1,5,4,4,4,Yes,Travel_Rarely,3,Other,0
327,64,Male,Single,HR,2,6173,5,4,1,8,21,2,1,3,Yes,Travel_Frequently,5,Marketing,0
328,50,Male,Married,Marketing,1,13065,17,9,19,8,26,4,3,3,No,Non-Travel,2,Life Sciences,0
329,22,Female,Divorced,R&D,1,19677,5,0,19,9,18,3,1,4,Yes,Travel_Rarely,3,Technical,0
330,36,Male,Divorced,IT,5,6769,4,9,2,9,1,3,2,4,No,Travel_Rarely,5,Other,0
331,21,Female,Married,HR,5,6796,12,3,11,5,8,3,3,4,No,Travel_Rarely,5,Technical,0
332,52,Female,Single,HR,1,15046,18,1,39,3,19,3,2,3,Yes,Non-Travel,1,Technical,0
333,34,Female,Single,Finance,3,16211,7,3,1,3,17,1,2,4,Yes,Travel_Rarely,5,Other,0
334,61,Male,Married,HR,3,6997,8,0,35,5,17,2,2,4,No,Travel_Rarely,3,Other,0
335,45,Female,Married,R&D,5,19376,16,1,13,4,11,3,4,3,Yes,Travel_Frequently,4,Technical,0
336,47,Female,Divorced,R&D,4,10112,2,7,15,5,2,4,2,3,Yes,Non-Travel,3,Marketing,0
337,46,Female,Single,Sales,1,7287,18,5,18,6,6,3,3,4,No,Travel_Frequently,2,Other,0
338,63,Male,Married,R&D,5,12578,10,1,33,6,22,2,1,3,No,Non-Travel,5,Life Sciences,0
339,23,Male,Single,Marketing,5,19860,16,5,5,8,14,4,2,3,No,Non-Travel,5,Medical,0
340,52,Female,Married,HR,1,8426,18,9,12,7,3,4,3,3,Yes,Non-Travel,5,Marketing,0
341,58,Male,Married,R&D,1,13599,1,8,35,5,12,4,2,4,Yes,Travel_Frequently,5,Other,0
342,54,Male,Single,Finance,3,2389,7,6,21,5,4,1,1,4,No,Travel_Frequently,1,Other,0
343,41,Male,Married,Sales,4,2999,18,8,17,4,12,3,3,3,Yes,Travel_Frequently,1,Marketing,0
344,46,Male,Married,HR,4,14812,6,4,11,0,13,1,3,3,No,Travel_Frequently,4,Medical,0
345,63,Male,Divorced,Sales,1,17599,16,6,29,8,2,4,1,3,Yes,Travel_Rarely,5,Technical,0
346,48,Male,Married,HR,2,3855,5,6,39,8,2,1,3,4,No,Travel_Rarely,2,Life Sciences,0
347,52,Male,Married,Finance,5,10125,18,2,6,8,15,1,1,3,Yes,Travel_Rarely,4,Other,0
348,50,Male,Married,Sales,5,15794,5,6,31,7,23,1,3,3,No,Non-Travel,5,Medical,0
349,38,Male,Divorced,IT,1,4763,1,0,18,9,29,3,3,4,Yes,Travel_Rarely,1,Life Sciences,0
350,49,Male,Single,Marketing,2,6986,5,8,5,2,17,4,1,3,Yes,Non-Travel,2,Marketing,0
351,40,Female,Divorced,Marketing,3,3481,4,9,19,0,7,4,1,4,No,Travel_Frequently,4,Other,0
352,50,Female,Divorced,HR,1,5731,18,5,26,7,28,3,3,4,Yes,Non-Travel,2,Technical,0
353,20,Male,Single,IT,1,18835,19,4,36,6,14,1,3,4,Yes,Non-Travel,5,Marketing,0
354,35,Female,Divorced,Sales,5,19266,3,6,6,4,12,1,1,3,No,Travel_Rarely,3,Other,0
355,42,Female,Single,IT,1,12758,16,4,4,9,17,2,4,3,Yes,Travel_Frequently,2,Medical,0
356,59,Male,Divorced,IT,1,18311,10,9,10,6,14,2,1,4,Yes,Travel_Frequently,2,Life Sciences,0
357,48,Male,Single,Sales,1,10566,3,4,14,9,6,2,3,3,Yes,Travel_Rarely,1,Life Sciences,0
358,20,Male,Married,Finance,5,13889,12,9,2,3,19,3,3,4,No,Travel_Frequently,5,Other,0
359,57,Female,Divorced,IT,3,13254,19,6,4,8,24,4,3,3,No,Travel_Frequently,2,Marketing,0
360,63,Female,Divorced,IT,3,13442,16,9,22,9,6,2,1,4,No,Travel_Frequently,5,Technical,0
361,41,Male,Divorced,Finance,1,15521,8,6,36,1,27,4,3,4,No,Travel_Rarely,1,Medical,0
362,49,Male,Divorced,IT,5,6559,3,2,8,8,18,4,4,3,No,Travel_Frequently,5,Other,0
363,64,Male,Married,IT,3,18199,13,2,14,8,24,4,2,3,Yes,Non-Travel,1,Medical,0
364,39,Female,Divorced,IT,3,9291,18,9,2,4,5,3,4,3,Yes,Non-Travel,1,Life Sciences,0
365,40,Female,Married,Marketing,3,10160,2,2,28,0,24,3,1,3,No,Travel_Frequently,4,Technical,0
366,19,Female,Married,R&D,5,2112,13,5,5,6,24,3,3,4,Yes,Travel_Rarely,5,Medical,0
367,44,Female,Married,Finance,5,17924,7,5,16,9,6,3,1,4,Yes,Travel_Rarely,3,Other,0
368,59,Male,Married,IT,1,18523,0,2,25,9,2,2,2,3,Yes,Travel_Rarely,4,Technical,0
369,19,Male,Single,Marketing,4,3424,9,2,20,3,8,1,1,3,Yes,Travel_Frequently,1,Marketing,0
370,43,Male,Single,Finance,3,12808,17,7,7,8,15,1,3,4,No,Travel_Frequently,3,Other,0
371,34,Male,Divorced,HR,4,8043,15,7,20,5,15,1,2,3,No,Non-Travel,2,Medical,0
372,57,Female,Single,HR,5,8989,7,6,10,2,11,2,2,3,Yes,Travel_Rarely,2,Technical,0
373,50,Female,Single,IT,5,8261,0,9,37,5,22,1,3,3,Yes,Non-Travel,4,Other,0
374,26,Male,Divorced,Marketing,5,2887,11,3,7,9,22,2,3,3,No,Non-Travel,3,Technical,0
375,60,Male,Divorced,Marketing,4,18433,7,3,23,5,24,2,3,4,Yes,Travel_Rarely,5,Technical,0
376,56,Female,Divorced,Finance,5,18402,15,2,34,4,1,2,1,4,Yes,Travel_Frequently,3,Technical,0
377,46,Male,Single,Finance,1,14253,17,4,13,1,18,1,4,3,Yes,Travel_Frequently,4,Medical,0
378,59,Female,Single,Marketing,5,9846,3,2,13,9,12,4,1,4,No,Non-Travel,5,Other,0
379,43,Male,Divorced,Finance,2,8432,5,7,9,9,12,1,1,3,No,Non-Travel,5,Life Sciences,0
380,52,Male,Married,Marketing,4,15452,11,6,11,1,25,1,4,3,Yes,Non-Travel,2,Life Sciences,0
381,42,Male,Divorced,R&D,2,15395,8,2,37,6,11,3,3,3,Yes,Non-Travel,3,Medical,0
382,41,Male,Married,Marketing,5,5765,14,8,33,1,28,2,3,4,Yes,Travel_Rarely,5,Medical,0
383,30,Male,Married,HR,1,17950,15,4,9,5,8,4,4,4,Yes,Non-Travel,4,Technical,0
384,24,Male,Divorced,Finance,3,14502,11,8,16,4,28,3,4,4,Yes,Non-Travel,2,Other,0
385,53,Male,Divorced,Marketing,5,11741,13,6,16,3,7,4,1,4,Yes,Travel_Frequently,5,Other,0
386,62,Female,Divorced,Marketing,1,7941,12,6,2,6,23,4,2,4,No,Travel_Frequently,3,Marketing,0
387,37,Female,Single,Finance,4,6855,1,5,30,7,21,2,4,3,No,Travel_Frequently,2,Marketing,0
388,18,Female,Married,R&D,2,17166,2,1,0,3,2,1,1,3,Yes,Travel_Rarely,3,Life Sciences,0
389,25,Female,Single,R&D,2,7788,9,8,11,0,11,2,2,4,No,Travel_Rarely,3,Marketing,0
390,63,Female,Single,Finance,2,2201,8,5,38,0,22,2,3,4,Yes,Travel_Frequently,3,Marketing,0
391,33,Male,Divorced,Sales,4,12561,19,7,3,0,10,3,3,4,Yes,Travel_Frequently,2,Life Sciences,0
392,31,Male,Single,Finance,1,18901,7,0,12,0,3,2,1,3,No,Non-Travel,5,Life Sciences,0
393,29,Female,Divorced,Finance,4,9737,9,4,33,4,20,1,1,4,No,Non-Travel,1,Marketing,0
394,40,Male,Married,R&D,2,3988,18,0,20,3,29,4,4,3,Yes,Travel_Rarely,5,Other,0
395,32,Female,Divorced,R&D,5,17441,2,9,21,8,10,2,3,3,Yes,Travel_Rarely,2,Marketing,0
396,45,Female,Single,Finance,3,13737,4,7,3,2,28,4,1,4,No,Non-Travel,1,Technical,0
397,51,Male,Single,Finance,4,16256,2,7,17,6,27,2,3,3,No,Travel_Frequently,1,Technical,0
398,19,Male,Divorced,Finance,4,9162,15,0,4,7,18,4,3,3,Yes,Non-Travel,1,Technical,0
399,49,Male,Divorced,R&D,1,15065,16,8,18,5,14,2,4,4,Yes,Travel_Rarely,4,Medical,0
400,40,Female,Single,Finance,1,16114,14,1,1,9,18,3,2,3,Yes,Travel_Rarely,2,Technical,0
401,39,Male,Married,Finance,4,10399,2,8,11,0,28,4,4,4,No,Non-Travel,4,Other,0
402,42,Female,Married,IT,2,7633,11,0,16,7,24,2,1,3,Yes,Non-Travel,1,Medical,0
403,39,Female,Divorced,Sales,3,7755,8,9,9,9,8,2,4,4,No,Non-Travel,4,Medical,0
404,39,Female,Married,HR,1,12825,11,8,33,2,10,3,4,4,Yes,Travel_Rarely,4,Technical,0
405,59,Male,Single,Sales,2,6117,14,3,5,7,22,3,3,3,No,Travel_Frequently,2,Marketing,0
406,23,Male,Divorced,IT,5,3518,1,8,7,3,13,3,4,4,No,Non-Travel,3,Life Sciences,0
407,32,Female,Single,HR,1,18346,17,6,10,7,21,4,1,3,No,Travel_Rarely,4,Marketing,0
408,60,Male,Single,Finance,2,4600,19,5,11,0,8,4,2,3,No,Travel_Rarely,4,Marketing,0
409,54,Male,Married,IT,2,15237,11,4,8,2,4,3,4,4,Yes,Travel_Rarely,1,Medical,0
410,50,Male,Divorced,Finance,3,5554,3,8,1,5,27,1,4,3,No,Non-Travel,1,Medical,0
411,25,Female,Divorced,R&D,3,18193,15,1,7,8,4,1,2,4,No,Non-Travel,1,Medical,0
412,61,Female,Married,Marketing,5,17253,15,1,10,1,5,2,1,3,No,Travel_Frequently,5,Other,0
413,61,Male,Single,IT,2,18194,0,8,35,0,1,1,1,3,Yes,Travel_Rarely,4,Other,0
414,22,Female,Single,R&D,2,3742,1,2,9,9,17,2,4,4,Yes,Non-Travel,1,Life Sciences,0
415,56,Male,Single,IT,3,3306,2,7,20,2,2,4,3,3,Yes,Travel_Rarely,2,Medical,0
416,21,Male,Single,IT,1,5849,19,8,19,3,8,4,4,3,Yes,Travel_Rarely,5,Technical,0
417,23,Male,Divorced,R&D,1,14360,16,7,7,4,7,1,2,3,Yes,Travel_Frequently,3,Medical,0
418,62,Male,Divorced,HR,4,14768,19,3,35,2,15,4,2,3,Yes,Non-Travel,4,Other,0
419,49,Female,Married,Sales,3,15032,0,0,28,9,26,3,2,3,No,Non-Travel,4,Medical,0
420,47,Female,Married,Finance,4,6195,19,3,11,1,25,3,4,3,No,Travel_Rarely,2,Other,0
421,64,Female,Divorced,IT,3,9619,5,8,13,1,5,1,4,3,No,Travel_Rarely,3,Medical,0
422,52,Male,Divorced,Finance,5,11280,14,1,20,6,2,1,1,3,Yes,Travel_Frequently,3,Technical,0
423,57,Male,Single,Marketing,2,4642,13,2,21,8,7,2,3,4,No,Travel_Frequently,5,Life Sciences,0
424,33,Male,Single,R&D,5,11369,19,9,20,9,8,4,4,3,No,Travel_Frequently,4,Technical,0
425,30,Female,Married,Finance,3,16296,14,7,29,1,28,2,1,3,Yes,Travel_Frequently,1,Other,0
426,59,Male,Divorced,R&D,2,17438,13,5,38,6,7,2,4,4,No,Travel_Frequently,2,Marketing,0
427,47,Female,Married,Finance,1,17674,4,7,19,6,7,3,1,4,Yes,Travel_Frequently,2,Technical,0
428,36,Female,Divorced,Sales,1,6757,5,6,23,6,28,3,1,4,No,Travel_Rarely,2,Medical,0
429,34,Female,Single,Sales,4,4994,16,4,22,2,14,3,3,3,Yes,Travel_Frequently,2,Life Sciences,0
430,36,Female,Married,Sales,3,17226,10,8,6,6,21,3,4,4,Yes,Travel_Rarely,1,Medical,0
431,45,Female,Married,Sales,3,3271,15,3,8,0,18,2,1,4,Yes,Travel_Rarely,1,Medical,0
432,43,Female,Divorced,Sales,1,3813,11,5,0,9,6,3,2,3,No,Non-Travel,5,Technical,0
433,54,Male,Single,Sales,5,10475,14,1,25,0,4,4,2,3,No,Travel_Rarely,4,Life Sciences,0
434,43,Male,Married,R&D,2,6396,3,1,37,4,10,3,2,4,Yes,Travel_Rarely,1,Marketing,0
435,40,Female,Single,IT,5,11283,17,1,37,1,18,3,3,4,Yes,Travel_Frequently,5,Medical,0
436,26,Female,Married,Finance,5,15318,2,9,21,8,12,3,1,3,No,Travel_Rarely,3,Life Sciences,0
437,29,Male,Single,Sales,1,19200,7,6,9,6,16,1,3,3,No,Travel_Frequently,4,Marketing,0
438,18,Female,Divorced,R&D,1,2082,2,1,5,3,25,4,4,3,Yes,Travel_Frequently,1,Medical,0
439,18,Female,Married,R&D,1,3920,7,1,16,3,7,4,4,3,No,Travel_Frequently,3,Life Sciences,0
440,64,Male,Married,R&D,4,9817,17,8,37,1,6,2,1,3,No,Non-Travel,5,Technical,0
441,51,Female,Single,IT,5,13683,9,6,23,4,28,2,2,4,No,Travel_Frequently,1,Medical,0
442,49,Female,Single,Finance,3,13336,19,2,9,3,5,3,1,3,Yes,Travel_Rarely,1,Medical,0
443,42,Female,Married,IT,2,17596,16,2,7,0,3,1,1,3,Yes,Travel_Frequently,3,Life Sciences,0
444,57,Male,Divorced,HR,4,4093,7,6,20,7,12,2,1,3,No,Travel_Frequently,1,Medical,0
445,62,Male,Single,R&D,3,14905,10,4,5,2,15,2,3,3,Yes,Travel_Frequently,2,Marketing,0
446,18,Male,Single,HR,5,10367,4,9,20,5,10,3,4,3,No,Non-Travel,1,Medical,0
447,33,Female,Single,Marketing,1,7285,12,5,38,3,26,3,1,4,No,Travel_Rarely,4,Other,0
448,56,Female,Married,Sales,5,12896,4,7,23,8,20,2,1,3,Yes,Non-Travel,3,Marketing,0
449,22,Male,Married,Sales,2,6937,12,8,32,6,19,2,1,4,Yes,Travel_Rarely,4,Life Sciences,0
450,39,Female,Married,IT,4,18753,5,0,17,8,16,4,3,3,Yes,Non-Travel,5,Marketing,0
451,46,Female,Married,Finance,4,14977,4,2,27,9,28,1,3,4,No,Travel_Rarely,4,Other,0
452,20,Female,Divorced,HR,2,9674,8,6,31,2,11,4,3,4,No,Non-Travel,2,Other,0
453,29,Female,Divorced,Finance,3,19748,15,5,11,0,8,2,1,3,Yes,Travel_Frequently,2,Medical,0
454,43,Female,Married,IT,3,5676,1,6,26,4,3,4,2,3,Yes,Non-Travel,4,Medical,0
455,33,Male,Divorced,Sales,4,4426,0,7,9,2,23,4,2,3,Yes,Non-Travel,5,Technical,0
456,54,Female,Single,Finance,4,4962,7,5,31,5,7,2,2,3,No,Travel_Frequently,1,Marketing,0
457,39,Male,Single,Finance,1,2859,18,2,25,7,23,3,4,3,No,Travel_Frequently,2,Technical,0
458,46,Female,Single,Sales,3,14048,10,1,24,3,29,2,1,4,No,Travel_Rarely,4,Other,0
459,31,Male,Married,HR,2,6138,11,6,10,4,7,3,2,3,Yes,Travel_Rarely,4,Medical,0
460,45,Female,Single,Sales,3,4424,11,0,22,4,14,2,2,3,Yes,Travel_Rarely,4,Medical,0
461,22,Male,Divorced,Finance,1,12409,6,2,33,3,2,2,2,4,No,Non-Travel,1,Medical,0
462,64,Female,Married,HR,4,6017,12,3,39,3,10,2,1,3,Yes,Travel_Rarely,3,Life Sciences,0
463,47,Male,Divorced,HR,4,12451,7,0,22,3,19,1,2,4,Yes,Non-Travel,5,Other,0
464,63,Female,Single,Sales,1,12278,8,4,28,3,26,3,2,3,Yes,Non-Travel,3,Medical,0
465,22,Male,Single,Finance,2,12996,6,9,30,3,9,1,1,4,Yes,Travel_Rarely,5,Other,0
466,29,Female,Single,IT,4,3134,14,2,6,4,16,2,4,3,No,Travel_Rarely,5,Medical,0
467,33,Male,Married,Finance,5,7119,1,1,39,1,19,4,3,4,Yes,Non-Travel,4,Marketing,0
468,43,Male,Divorced,R&D,4,7694,19,2,32,1,18,1,2,4,No,Travel_Frequently,2,Other,0
469,43,Female,Married,Marketing,5,6164,11,7,20,8,9,3,3,3,No,Travel_Frequently,4,Technical,0
470,38,Female,Married,IT,1,7039,0,5,1,1,16,2,4,3,Yes,Non-Travel,1,Life Sciences,0
471,56,Male,Single,HR,1,16631,7,6,17,5,13,1,4,3,No,Travel_Rarely,5,Technical,0
472,53,Female,Married,IT,4,12442,4,5,32,1,10,4,2,4,No,Non-Travel,2,Other,0
473,50,Male,Married,HR,3,10252,14,5,36,4,25,1,1,4,Yes,Non-Travel,5,Medical,0
474,47,Male,Single,HR,5,19721,0,2,33,3,20,3,4,4,No,Travel_Rarely,5,Other,0
475,54,Male,Married,IT,2,19568,0,7,19,6,14,1,3,3,No,Travel_Frequently,4,Life Sciences,0
476,40,Female,Single,HR,4,3551,9,6,34,6,12,4,3,3,No,Non-Travel,2,Other,0
477,27,Male,Single,HR,2,14625,9,6,17,5,25,4,3,4,No,Travel_Frequently,2,Medical,0
478,22,Male,Single,R&D,4,3629,14,5,23,9,19,3,3,3,No,Travel_Frequently,5,Technical,0
479,53,Female,Single,Finance,3,19910,16,4,7,4,7,4,4,4,No,Travel_Rarely,2,Marketing,0
480,51,Female,Married,Finance,3,3361,5,9,29,0,23,2,2,3,No,Non-Travel,2,Technical,0
481,48,Female,Single,Marketing,3,6370,2,7,9,2,15,4,2,3,No,Non-Travel,4,Medical,0
482,27,Female,Single,Marketing,3,7283,12,4,22,8,16,2,3,4,Yes,Travel_Frequently,3,Medical,0
483,36,Male,Married,R&D,1,9610,15,8,10,0,27,1,2,3,Yes,Travel_Frequently,1,Life Sciences,0
484,49,Male,Married,Marketing,1,12558,7,8,1,4,8,2,3,3,Yes,Travel_Rarely,3,Other,0
485,18,Male,Divorced,IT,5,16924,14,0,25,1,10,2,3,3,No,Travel_Frequently,2,Other,0
486,22,Male,Married,Sales,2,16839,16,5,35,3,4,1,1,3,No,Travel_Rarely,5,Technical,0
487,62,Female,Married,Sales,4,13949,16,6,32,0,19,4,4,3,No,Non-Travel,1,Marketing,0
488,21,Male,Divorced,Sales,4,12626,12,2,12,2,19,2,4,4,Yes,Travel_Rarely,1,Marketing,0
489,33,Male,Married,R&D,1,3993,16,6,39,9,28,4,3,3,Yes,Travel_Frequently,5,Life Sciences,0
490,41,Female,Married,R&D,4,2869,5,6,24,6,21,1,4,4,Yes,Non-Travel,1,Medical,0
491,33,Male,Married,HR,1,3014,16,1,3,9,27,3,2,3,No,Travel_Rarely,5,Life Sciences,0
492,19,Male,Married,Sales,5,12103,15,6,18,2,15,4,3,3,Yes,Non-Travel,1,Other,0
493,45,Male,Divorced,IT,2,18986,13,0,17,3,14,4,1,4,Yes,Travel_Rarely,3,Medical,0
494,49,Male,Married,Marketing,5,14013,12,4,36,1,1,3,2,4,No,Travel_Frequently,1,Life Sciences,0
495,44,Male,Married,IT,3,2690,5,8,29,2,16,3,1,3,Yes,Travel_Frequently,4,Technical,0
496,37,Male,Divorced,Marketing,3,18873,2,6,18,8,10,1,1,3,No,Non-Travel,5,Other,0
497,41,Female,Single,Sales,3,12748,13,6,22,2,19,4,4,4,Yes,Non-Travel,1,Marketing,0
498,29,Female,Divorced,Sales,5,10024,13,1,15,4,22,4,4,4,No,Non-Travel,5,Life Sciences,0
499,52,Male,Single,Sales,4,18678,14,7,0,1,3,1,3,4,No,Travel_Rarely,4,Other,0
500,50,Male,Divorced,R&D,2,7488,7,2,11,3,5,4,4,4,No,Travel_Frequently,1,Other,0
501,50,Female,Divorced,Marketing,3,13035,14,7,23,6,9,2,1,3,No,Non-Travel,1,Marketing,0
502,60,Male,Married,R&D,3,14855,12,2,33,6,18,2,1,3,No,Non-Travel,4,Marketing,0
503,54,Male,Single,R&D,3,4817,16,9,7,2,11,2,2,3,Yes,Non-Travel,4,Marketing,0
504,29,Male,Married,Finance,2,6458,2,6,17,4,16,4,1,3,No,Travel_Rarely,4,Life Sciences,0
505,20,Female,Single,IT,3,7307,5,1,4,0,2,2,3,3,No,Non-Travel,5,Marketing,0
506,18,Male,Divorced,IT,2,10933,4,3,25,9,12,2,3,4,No,Non-Travel,4,Technical,0
507,50,Female,Divorced,HR,3,19063,16,5,29,9,22,1,4,4,No,Travel_Rarely,5,Other,0
508,57,Male,Single,R&D,5,12659,1,8,12,9,6,1,4,4,Yes,Travel_Rarely,3,Marketing,0
509,27,Female,Married,Marketing,5,7738,14,4,18,0,11,3,4,3,No,Non-Travel,1,Other,0
510,60,Female,Married,Finance,2,7668,4,8,28,4,27,3,3,4,Yes,Non-Travel,1,Medical,0
511,61,Male,Married,Finance,5,16427,19,4,2,9,8,3,1,3,No,Travel_Rarely,2,Medical,0
512,46,Female,Married,IT,2,9697,5,9,25,8,12,3,4,3,No,Travel_Frequently,3,Marketing,0
513,30,Male,Divorced,R&D,5,18446,5,7,39,0,29,1,2,3,Yes,Travel_Rarely,4,Other,0
514,29,Female,Divorced,HR,5,9829,17,0,11,0,27,1,4,4,Yes,Travel_Frequently,4,Medical,0
515,48,Male,Divorced,R&D,2,12751,17,6,1,3,2,1,3,3,Yes,Non-Travel,3,Marketing,0
516,63,Male,Divorced,Sales,4,15450,3,3,10,3,9,2,4,3,No,Non-Travel,4,Other,0
517,19,Female,Divorced,R&D,5,9352,16,4,27,1,15,2,1,4,Yes,Travel_Frequently,2,Marketing,0
518,52,Male,Married,Sales,3,15516,13,5,17,8,2,3,4,3,No,Travel_Rarely,5,Other,0
519,40,Male,Married,Sales,4,10326,13,4,12,8,29,2,3,4,Yes,Non-Travel,1,Medical,0
520,34,Female,Married,HR,2,5644,12,0,36,1,1,4,3,3,Yes,Travel_Frequently,3,Marketing,0
521,43,Male,Married,Marketing,4,10003,6,8,21,8,10,1,2,4,No,Travel_Rarely,1,Medical,0
522,25,Male,Divorced,IT,1,5278,11,1,11,5,2,3,3,3,Yes,Travel_Frequently,5,Marketing,0
523,46,Female,Divorced,R&D,1,9296,14,8,1,7,12,3,2,3,Yes,Travel_Rarely,3,Life Sciences,0
524,43,Female,Divorced,Sales,5,5074,18,9,36,9,23,4,1,4,No,Travel_Rarely,5,Medical,0
525,27,Male,Single,R&D,5,15261,10,1,6,3,8,2,3,3,No,Travel_Rarely,4,Medical,0
526,43,Male,Married,Marketing,3,13173,14,8,25,1,5,3,4,4,No,Travel_Rarely,4,Technical,0
527,51,Female,Married,IT,4,10312,11,5,25,1,22,2,1,3,Yes,Travel_Frequently,4,Medical,0
528,58,Female,Divorced,Marketing,1,3637,2,8,23,8,28,2,4,4,Yes,Travel_Frequently,5,Other,0
529,24,Male,Married,IT,5,15652,16,5,11,0,1,4,4,3,Yes,Travel_Frequently,5,Marketing,0
530,21,Female,Married,Finance,4,7103,2,5,15,6,15,3,4,3,Yes,Travel_Frequently,5,Life Sciences,0
531,62,Male,Divorced,IT,5,19028,18,1,22,2,6,2,1,3,Yes,Travel_Frequently,1,Other,0
532,28,Male,Single,HR,5,4032,19,7,39,2,12,2,1,4,No,Travel_Rarely,5,Other,0
533,46,Male,Single,Marketing,1,4761,3,2,8,1,8,4,3,4,Yes,Non-Travel,4,Other,0
534,53,Male,Single,Sales,1,17195,2,6,31,9,13,4,4,4,No,Non-Travel,2,Other,0
535,42,Male,Divorced,Finance,5,18625,15,4,14,5,19,2,2,4,Yes,Travel_Frequently,5,Life Sciences,0
536,38,Female,Married,HR,2,4668,11,2,36,9,27,4,3,4,No,Travel_Frequently,2,Technical,0
537,53,Female,Divorced,R&D,5,16638,7,0,12,1,1,2,1,3,Yes,Non-Travel,4,Medical,0
538,27,Female,Divorced,Marketing,5,17954,16,7,4,9,11,3,2,3,Yes,Travel_Rarely,5,Other,0
539,54,Female,Married,Sales,3,19186,6,2,10,3,20,1,1,3,No,Travel_Frequently,1,Medical,0
540,26,Male,Single,IT,3,14356,10,1,9,9,1,4,2,3,Yes,Travel_Rarely,1,Medical,0
541,41,Male,Single,Sales,3,2195,17,0,12,8,8,1,3,3,No,Non-Travel,2,Other,0
542,52,Male,Divorced,R&D,2,4187,0,3,14,8,5,2,2,4,Yes,Non-Travel,1,Technical,0
543,52,Male,Single,Finance,2,13707,2,7,6,5,17,2,3,3,Yes,Travel_Frequently,1,Medical,0
544,53,Female,Divorced,Finance,5,4330,3,2,39,3,8,2,1,4,No,Travel_Rarely,1,Marketing,0
545,35,Male,Divorced,Marketing,3,5606,12,0,27,6,25,1,2,3,Yes,Travel_Frequently,4,Medical,0
546,56,Male,Married,Finance,2,2060,5,3,31,0,10,2,4,4,No,Non-Travel,1,Other,0
547,49,Female,Married,Marketing,1,16387,13,8,34,3,2,4,4,4,Yes,Travel_Rarely,3,Life Sciences,0
548,41,Female,Married,Marketing,5,5927,4,0,14,4,9,3,1,4,Yes,Travel_Frequently,5,Medical,0
549,40,Female,Divorced,Marketing,4,8296,15,1,35,7,24,3,2,3,Yes,Travel_Frequently,1,Technical,0
550,49,Female,Married,IT,5,15622,14,8,20,1,23,4,4,3,Yes,Travel_Frequently,1,Marketing,0
551,54,Male,Single,HR,4,16125,14,1,5,4,3,3,3,3,Yes,Non-Travel,1,Marketing,0
552,29,Male,Single,Marketing,3,4591,3,2,0,5,18,1,2,3,Yes,Travel_Frequently,3,Life Sciences,0
553,30,Female,Divorced,Marketing,4,14127,7,6,3,4,7,2,2,4,Yes,Travel_Rarely,1,Life Sciences,0
554,40,Male,Divorced,HR,3,17748,15,2,10,8,15,2,4,4,No,Travel_Frequently,1,Medical,0
555,42,Male,Married,Sales,1,8121,15,8,25,9,21,2,3,4,Yes,Non-Travel,5,Other,0
556,52,Male,Divorced,Marketing,4,3200,3,5,36,0,22,1,3,4,Yes,Travel_Frequently,3,Technical,0
557,58,Female,Divorced,IT,5,17721,12,2,22,2,20,1,3,3,Yes,Non-Travel,3,Marketing,0
558,47,Male,Single,Finance,3,13087,12,8,28,1,18,1,2,4,No,Non-Travel,1,Life Sciences,0
559,34,Female,Single,Finance,5,8972,1,0,20,2,25,4,1,3,No,Travel_Rarely,3,Technical,0
560,37,Male,Married,R&D,2,2136,2,9,26,9,3,1,2,4,Yes,Travel_Rarely,2,Other,0
561,42,Male,Divorced,R&D,3,19413,7,2,38,8,28,3,2,4,Yes,Travel_Frequently,3,Marketing,0
562,39,Male,Divorced,Finance,4,17346,14,0,39,8,23,4,4,4,Yes,Non-Travel,3,Marketing,0
563,30,Female,Single,Finance,3,2661,10,1,12,9,14,4,1,3,No,Non-Travel,3,Other,0
564,36,Male,Divorced,IT,5,4472,8,7,22,1,24,4,3,3,Yes,Travel_Rarely,4,Marketing,0
565,53,Female,Single,HR,1,2086,6,6,15,2,2,1,4,4,No,Travel_Rarely,4,Other,0
566,29,Female,Married,R&D,3,12704,12,1,29,3,14,4,2,4,Yes,Travel_Frequently,4,Marketing,0
567,58,Female,Single,HR,4,8219,1,1,3,8,22,1,1,4,No,Non-Travel,3,Medical,0
568,36,Male,Divorced,IT,2,18322,7,8,39,2,11,1,3,3,No,Travel_Rarely,2,Other,0
569,29,Male,Married,Finance,1,16749,6,5,15,6,16,4,3,3,Yes,Travel_Frequently,3,Technical,0
570,26,Male,Single,Marketing,2,8968,11,4,30,2,8,2,2,3,Yes,Non-Travel,1,Medical,0
571,24,Male,Single,HR,3,15596,18,9,24,6,7,2,3,4,Yes,Non-Travel,2,Technical,0
572,45,Female,Married,Finance,5,3700,6,5,11,6,11,4,3,3,Yes,Travel_Rarely,4,Marketing,0
573,31,Female,Married,Finance,5,4700,9,8,25,8,3,2,1,4,Yes,Travel_Frequently,5,Technical,0
574,48,Female,Single,Sales,4,13821,15,6,36,1,17,3,4,3,Yes,Travel_Rarely,2,Medical,0
575,36,Male,Divorced,HR,5,7520,2,9,32,5,14,3,1,4,Yes,Travel_Frequently,4,Other,0
576,64,Female,Single,Marketing,1,13510,9,9,27,8,6,1,4,4,No,Non-Travel,2,Life Sciences,0
577,33,Male,Married,HR,5,5687,5,8,8,1,8,2,4,3,Yes,Travel_Frequently,2,Technical,0
578,22,Female,Single,Finance,4,18980,17,3,11,1,22,3,4,4,Yes,Travel_Frequently,3,Life Sciences,0
579,52,Male,Married,Marketing,3,10837,17,1,4,4,5,4,3,4,No,Travel_Frequently,1,Technical,0
580,29,Male,Married,IT,3,16955,4,7,27,9,27,2,1,4,Yes,Travel_Frequently,5,Technical,0
581,42,Female,Divorced,Sales,5,13281,6,3,34,9,28,3,3,3,Yes,Travel_Frequently,4,Other,0
582,38,Female,Married,Finance,2,15917,1,8,4,9,8,3,2,4,Yes,Travel_Rarely,2,Marketing,0
583,53,Female,Married,R&D,3,6757,10,3,33,7,2,4,1,3,Yes,Travel_Frequently,5,Medical,0
584,40,Female,Divorced,R&D,5,15045,12,7,33,8,15,1,4,3,No,Travel_Frequently,2,Medical,0
585,33,Male,Married,Sales,4,10912,4,8,12,1,12,4,3,4,No,Non-Travel,1,Medical,0
586,56,Female,Divorced,IT,5,6733,5,8,38,4,17,1,3,3,Yes,Travel_Frequently,5,Marketing,0
587,62,Female,Divorced,Finance,3,9081,13,9,13,6,1,3,1,4,Yes,Non-Travel,4,Life Sciences,0
588,59,Female,Married,HR,4,10690,11,3,10,5,15,1,1,3,No,Travel_Rarely,2,Medical,0
589,56,Male,Married,Sales,5,3673,3,0,37,5,14,3,4,4,Yes,Travel_Rarely,1,Life Sciences,0
590,31,Male,Single,IT,1,16318,5,2,3,6,20,3,4,3,No,Travel_Frequently,5,Marketing,0
591,48,Female,Divorced,HR,4,13171,9,8,32,2,22,2,2,4,No,Travel_Rarely,2,Marketing,0
592,22,Male,Single,R&D,1,15545,17,3,6,2,16,1,4,4,No,Travel_Frequently,2,Other,0
593,52,Female,Married,R&D,2,13803,14,4,7,9,29,1,3,4,Yes,Travel_Rarely,4,Medical,0
594,40,Male,Single,HR,4,4294,7,6,36,8,9,1,2,4,Yes,Travel_Frequently,1,Other,0
595,46,Male,Divorced,Sales,1,5630,8,4,9,7,1,4,2,3,Yes,Travel_Frequently,3,Medical,0
596,60,Male,Single,R&D,3,17093,4,3,14,4,28,2,2,3,No,Non-Travel,2,Marketing,0
597,28,Male,Divorced,Finance,3,18530,9,1,37,5,17,2,1,4,Yes,Non-Travel,5,Marketing,0
598,35,Female,Married,Marketing,2,16453,19,1,14,9,29,2,4,3,Yes,Non-Travel,4,Technical,0
599,64,Female,Married,HR,4,14174,5,3,4,0,13,4,2,4,No,Non-Travel,4,Technical,0
600,29,Female,Divorced,HR,4,5453,15,9,28,9,21,1,1,4,Yes,Travel_Frequently,2,Marketing,0
601,26,Male,Married,R&D,4,6507,2,9,18,0,26,1,1,3,Yes,Travel_Rarely,2,Marketing,0
602,27,Female,Married,Sales,2,12602,9,8,9,3,21,1,2,3,Yes,Travel_Frequently,2,Life Sciences,0
603,61,Female,Married,Finance,4,7628,10,7,11,1,5,2,2,4,No,Non-Travel,3,Life Sciences,0
604,34,Female,Married,Sales,3,10328,10,2,3,6,10,2,3,3,Yes,Non-Travel,2,Other,0
605,55,Male,Divorced,IT,1,17534,16,8,30,1,6,3,2,4,No,Travel_Rarely,1,Technical,0
606,24,Male,Single,IT,3,5552,3,4,17,9,24,4,3,3,No,Non-Travel,5,Technical,0
607,63,Male,Single,Marketing,3,18402,3,2,15,1,19,4,2,3,No,Travel_Frequently,2,Marketing,0
608,30,Female,Married,R&D,1,4242,16,4,39,4,25,2,2,3,Yes,Travel_Frequently,3,Marketing,0
609,57,Female,Single,R&D,3,16665,8,9,35,3,13,3,4,3,Yes,Travel_Frequently,5,Other,0
610,59,Female,Single,R&D,2,7097,18,3,24,7,1,1,2,3,Yes,Travel_Frequently,4,Technical,0
611,26,Male,Married,Marketing,1,10640,4,7,22,3,20,2,2,4,No,Travel_Frequently,2,Life Sciences,0
612,44,Male,Married,IT,3,3948,5,4,11,5,25,4,3,3,No,Travel_Rarely,5,Medical,0
613,19,Female,Single,Sales,5,7618,2,9,33,4,15,4,3,3,Yes,Travel_Frequently,4,Other,0
614,22,Male,Divorced,Marketing,3,6236,0,7,35,1,14,4,4,4,No,Non-Travel,3,Medical,0
615,46,Male,Married,Marketing,2,3920,19,8,36,7,8,1,2,4,Yes,Non-Travel,1,Life Sciences,0
616,54,Male,Divorced,Sales,4,13169,15,3,2,1,10,4,2,4,Yes,Non-Travel,2,Life Sciences,0
617,55,Male,Single,R&D,3,6188,10,6,8,8,9,1,3,3,Yes,Non-Travel,1,Medical,0
618,36,Female,Married,Finance,4,14207,12,1,17,8,17,1,1,3,Yes,Travel_Rarely,3,Other,0
619,25,Male,Divorced,Sales,5,2238,9,5,34,2,9,1,1,4,Yes,Non-Travel,5,Medical,0
620,62,Male,Married,IT,3,2204,2,7,33,3,3,2,1,4,Yes,Travel_Rarely,5,Other,0
621,18,Male,Single,HR,1,12799,8,6,13,7,11,1,3,4,Yes,Non-Travel,3,Other,0
622,39,Male,Divorced,HR,4,7552,11,6,3,8,12,3,3,4,No,Travel_Rarely,3,Marketing,0
623,34,Female,Single,Marketing,5,6927,13,7,28,2,10,4,1,3,Yes,Travel_Rarely,2,Technical,0
624,24,Female,Single,HR,1,13164,0,6,14,4,25,2,1,3,No,Travel_Rarely,4,Technical,0
625,42,Male,Married,Finance,1,6390,17,4,27,7,17,4,2,3,No,Non-Travel,1,Life Sciences,0
626,62,Male,Divorced,R&D,1,17641,16,6,15,2,17,1,3,3,Yes,Travel_Rarely,1,Marketing,0
627,21,Male,Single,IT,1,8160,8,9,11,6,25,2,3,3,No,Travel_Frequently,5,Technical,0
628,53,Male,Single,Finance,3,17810,8,2,4,7,11,3,1,4,No,Travel_Frequently,5,Other,0
629,23,Male,Divorced,IT,3,7126,9,4,33,9,22,1,1,3,No,Non-Travel,2,Other,0
630,48,Male,Single,IT,3,2816,18,6,0,2,4,4,4,4,Yes,Travel_Frequently,3,Medical,0
631,36,Female,Single,R&D,5,15414,14,8,38,1,7,3,3,4,Yes,Travel_Frequently,1,Medical,0
632,61,Male,Divorced,Marketing,5,2192,4,1,31,9,21,1,4,4,Yes,Travel_Frequently,2,Other,0
633,56,Female,Divorced,HR,5,5645,14,3,25,6,26,3,2,3,Yes,Non-Travel,5,Other,0
634,44,Female,Divorced,R&D,2,14816,19,6,16,8,14,1,4,4,Yes,Non-Travel,5,Medical,0
635,27,Male,Divorced,Finance,5,8314,1,0,26,0,7,2,1,3,No,Travel_Frequently,1,Technical,0
636,43,Female,Married,Marketing,3,9374,12,1,23,2,24,1,3,4,No,Non-Travel,5,Life Sciences,0
637,36,Female,Divorced,Finance,3,5700,15,8,34,4,8,2,3,3,Yes,Travel_Rarely,5,Medical,0
638,56,Female,Married,Marketing,2,12655,14,9,38,2,1,1,4,4,No,Travel_Frequently,4,Technical,0
639,20,Female,Married,Finance,2,17129,9,6,25,0,24,1,4,3,No,Non-Travel,3,Technical,0
640,62,Female,Married,R&D,5,11359,13,9,37,6,22,4,2,4,No,Non-Travel,5,Technical,0
641,30,Female,Single,Marketing,4,5893,9,6,22,6,4,3,2,4,No,Travel_Frequently,4,Marketing,0
642,45,Male,Married,Marketing,2,8811,13,5,21,9,29,3,1,4,Yes,Non-Travel,2,Marketing,0
643,37,Female,Married,IT,1,11288,8,2,3,7,12,3,1,4,Yes,Travel_Frequently,5,Technical,0
644,45,Female,Single,IT,3,2504,13,9,8,4,24,1,1,3,Yes,Non-Travel,2,Other,0
645,25,Female,Single,Sales,1,11813,2,2,3,9,3,1,4,3,No,Travel_Rarely,5,Marketing,0
646,58,Male,Single,Finance,3,16671,19,1,6,4,13,1,4,3,No,Travel_Frequently,1,Medical,0
647,56,Female,Divorced,IT,3,12738,15,5,22,4,20,2,3,4,Yes,Travel_Rarely,4,Marketing,0
648,18,Male,Single,Sales,2,13186,1,3,1,0,6,2,1,4,Yes,Travel_Frequently,4,Other,0
649,20,Female,Single,IT,2,8773,9,4,23,9,11,4,4,4,No,Non-Travel,1,Life Sciences,0
650,30,Male,Married,Finance,1,5816,2,2,39,4,23,1,3,4,Yes,Travel_Rarely,3,Marketing,0
651,45,Male,Single,Marketing,3,2717,10,5,30,5,4,3,1,4,Yes,Non-Travel,4,Technical,0
652,42,Female,Divorced,HR,1,13676,10,2,30,0,20,3,2,4,No,Travel_Frequently,2,Technical,0
653,50,Female,Single,Finance,4,6434,12,7,39,6,16,4,2,3,No,Travel_Frequently,4,Technical,0
654,55,Male,Divorced,R&D,1,19042,6,8,33,0,7,3,4,3,Yes,Travel_Frequently,3,Life Sciences,0
655,23,Female,Single,IT,5,7057,16,3,23,1,22,4,3,3,No,Travel_Frequently,2,Other,0
656,61,Male,Single,IT,1,6994,1,8,25,1,29,1,2,3,Yes,Travel_Frequently,2,Medical,0
657,62,Male,Single,Marketing,5,6234,11,6,15,4,11,3,3,3,No,Travel_Rarely,1,Other,0
658,49,Male,Single,R&D,5,5764,9,2,12,9,24,1,3,3,No,Travel_Frequently,5,Life Sciences,0
659,62,Male,Divorced,Marketing,5,13181,17,6,14,6,1,2,2,3,Yes,Non-Travel,1,Technical,0
660,64,Male,Divorced,R&D,4,6637,10,0,26,0,26,3,3,3,No,Travel_Rarely,5,Other,0
661,38,Female,Married,HR,1,4104,15,2,3,9,29,2,2,4,Yes,Non-Travel,1,Medical,0
662,33,Male,Divorced,IT,1,11447,16,5,15,0,27,3,4,4,No,Travel_Frequently,5,Technical,0
663,38,Male,Single,IT,4,12674,18,3,29,0,7,1,1,4,Yes,Non-Travel,4,Medical,0
664,28,Female,Married,HR,3,10385,17,6,29,5,12,4,1,4,No,Travel_Rarely,2,Marketing,0
665,54,Male,Married,Sales,2,13999,2,2,35,1,7,1,4,4,No,Travel_Rarely,5,Medical,0
666,53,Female,Married,Marketing,1,5719,15,0,2,0,27,1,2,4,Yes,Travel_Rarely,4,Technical,0
667,52,Female,Single,HR,2,4581,5,8,21,5,23,1,2,4,No,Non-Travel,3,Marketing,0
668,36,Female,Divorced,Marketing,4,4763,11,5,21,1,7,3,2,3,Yes,Travel_Rarely,1,Technical,0
669,37,Male,Single,Finance,3,7991,10,7,11,5,10,4,2,3,No,Non-Travel,3,Technical,0
670,35,Male,Married,IT,3,12531,14,2,20,9,16,2,4,4,No,Travel_Frequently,4,Marketing,0
671,64,Male,Single,Marketing,3,13064,14,7,3,7,26,1,1,3,Yes,Travel_Frequently,3,Medical,0
672,58,Female,Single,R&D,4,13312,15,1,30,1,8,3,3,3,No,Non-Travel,3,Life Sciences,0
673,31,Male,Divorced,Marketing,5,6780,9,3,30,8,9,2,3,3,No,Travel_Rarely,4,Life Sciences,0
674,32,Female,Divorced,Finance,5,6177,11,2,22,7,9,1,1,3,Yes,Non-Travel,2,Life Sciences,0
675,48,Male,Married,IT,2,17169,12,9,19,9,2,2,4,3,No,Non-Travel,5,Life Sciences,0
676,18,Female,Single,HR,5,8476,3,0,14,0,13,1,3,4,Yes,Non-Travel,1,Other,0
677,20,Male,Single,Finance,5,4382,6,6,22,6,13,2,1,3,Yes,Travel_Frequently,5,Life Sciences,0
678,33,Male,Divorced,IT,3,18915,1,9,27,9,23,2,4,4,Yes,Non-Travel,1,Marketing,0
679,40,Male,Single,Marketing,3,14508,14,1,15,5,23,4,3,4,No,Travel_Frequently,5,Life Sciences,0
680,28,Female,Single,Sales,2,2634,7,3,36,5,4,4,2,4,No,Non-Travel,3,Technical,0
681,29,Female,Single,Sales,1,13996,6,8,20,5,25,1,2,3,Yes,Travel_Frequently,2,Life Sciences,0
682,27,Male,Divorced,R&D,2,16162,14,5,14,5,24,3,4,4,No,Non-Travel,3,Medical,0
683,49,Male,Married,IT,2,18386,13,7,16,9,12,4,2,4,Yes,Non-Travel,2,Marketing,0
684,33,Female,Married,Sales,4,16005,7,1,36,6,17,2,4,4,No,Travel_Rarely,4,Marketing,0
685,25,Female,Single,HR,4,10397,11,6,12,2,2,4,1,4,Yes,Travel_Rarely,1,Other,0
686,55,Female,Married,IT,2,14327,12,5,18,5,13,4,1,3,Yes,Non-Travel,1,Technical,0
687,29,Male,Divorced,HR,2,16394,10,8,29,2,29,1,3,4,No,Non-Travel,4,Marketing,0
688,41,Female,Divorced,HR,2,4890,16,6,17,6,18,4,4,4,Yes,Non-Travel,5,Medical,0
689,45,Male,Married,Sales,5,12858,16,0,13,6,28,4,3,4,Yes,Non-Travel,4,Life Sciences,0
690,25,Female,Married,IT,4,10026,3,7,35,7,28,2,3,4,No,Travel_Rarely,4,Marketing,0
691,45,Male,Single,Marketing,2,5306,7,9,35,1,27,4,1,3,Yes,Travel_Frequently,2,Medical,0
692,53,Female,Married,Finance,3,2897,4,2,19,8,15,2,3,4,Yes,Non-Travel,4,Life Sciences,0
693,43,Female,Single,Sales,3,11277,15,1,18,4,8,4,2,4,No,Travel_Rarely,1,Other,0
694,25,Female,Single,Sales,5,11471,3,2,6,8,15,4,3,4,Yes,Non-Travel,3,Marketing,0
695,45,Female,Divorced,Marketing,5,16896,14,5,3,9,1,3,4,4,Yes,Non-Travel,2,Marketing,0
696,45,Female,Divorced,IT,1,17240,11,2,33,4,20,4,2,4,Yes,Travel_Frequently,2,Medical,0
697,54,Male,Divorced,IT,1,16683,4,9,1,6,10,2,1,4,Yes,Non-Travel,5,Technical,0
698,58,Female,Divorced,HR,1,2670,15,4,4,8,12,2,4,3,Yes,Non-Travel,3,Other,0
699,53,Female,Married,Marketing,5,19889,13,5,9,3,5,1,2,4,Yes,Travel_Frequently,2,Technical,0
700,44,Female,Divorced,Marketing,5,13767,9,7,31,1,9,1,4,3,Yes,Travel_Frequently,4,Marketing,0
701,34,Male,Married,IT,5,15006,6,6,12,8,23,3,2,3,Yes,Travel_Frequently,2,Technical,0
702,26,Female,Divorced,HR,3,17768,12,7,38,1,8,2,4,4,No,Travel_Frequently,2,Life Sciences,0
703,50,Male,Married,Sales,5,18633,19,2,4,2,16,2,4,3,Yes,Travel_Rarely,2,Other,0
704,37,Female,Single,R&D,3,3892,4,3,9,9,14,2,2,4,Yes,Travel_Rarely,5,Technical,0
705,30,Female,Married,Finance,1,5439,2,5,9,1,27,3,1,3,No,Travel_Rarely,2,Life Sciences,0
706,45,Male,Married,Sales,1,4854,14,6,37,2,25,2,1,4,Yes,Non-Travel,2,Medical,0
707,46,Female,Divorced,IT,1,13577,3,8,26,5,13,1,4,3,Yes,Travel_Frequently,5,Technical,0
708,30,Male,Married,Finance,2,13763,14,0,20,2,23,3,4,3,Yes,Travel_Frequently,3,Other,0
709,63,Male,Single,R&D,2,13618,13,7,7,9,21,1,1,4,Yes,Travel_Rarely,1,Life Sciences,0
710,52,Female,Single,R&D,4,10235,19,7,0,7,13,1,1,3,Yes,Non-Travel,5,Technical,0
711,23,Male,Divorced,HR,4,4618,18,5,27,5,5,3,3,3,Yes,Non-Travel,5,Medical,0
712,35,Female,Single,Finance,4,5163,12,3,38,6,16,4,1,3,No,Non-Travel,2,Technical,0
713,22,Female,Married,HR,2,4942,9,2,13,0,26,4,4,3,No,Travel_Rarely,2,Life Sciences,0
714,64,Male,Single,Sales,2,3925,4,2,20,2,11,1,2,3,No,Non-Travel,1,Technical,0
715,42,Male,Divorced,Marketing,4,4972,19,5,29,2,22,4,1,4,No,Non-Travel,2,Other,0
716,19,Male,Married,Marketing,4,13705,19,7,20,1,5,2,3,3,No,Non-Travel,4,Marketing,0
717,27,Male,Divorced,Marketing,5,12640,5,6,8,6,13,3,3,3,Yes,Travel_Frequently,2,Life Sciences,0
718,47,Female,Married,Finance,4,12966,3,0,16,8,28,1,3,4,Yes,Travel_Rarely,2,Life Sciences,0
719,62,Female,Single,Marketing,5,19374,1,5,4,3,11,2,2,4,Yes,Travel_Frequently,4,Life Sciences,0
720,22,Male,Divorced,Sales,3,13138,15,6,30,4,25,4,1,4,Yes,Travel_Frequently,1,Life Sciences,0
721,50,Female,Divorced,HR,2,17935,17,6,39,2,19,2,1,3,Yes,Travel_Rarely,4,Technical,0
722,18,Female,Married,Finance,4,15145,4,8,37,8,3,4,1,3,No,Travel_Frequently,5,Other,0
723,35,Female,Divorced,HR,2,2489,3,9,18,3,15,1,2,3,No,Non-Travel,4,Medical,0
724,49,Female,Married,Finance,2,13748,12,4,35,4,7,2,2,3,Yes,Non-Travel,3,Other,0
725,64,Male,Married,HR,2,5516,18,0,32,0,7,3,4,4,Yes,Non-Travel,5,Life Sciences,0
726,28,Male,Married,R&D,3,8410,1,1,12,1,6,1,3,4,Yes,Non-Travel,2,Technical,0
727,38,Female,Married,HR,1,2053,12,3,13,8,3,2,3,3,No,Travel_Rarely,5,Technical,0
728,43,Male,Single,Marketing,4,18999,10,4,32,1,13,2,1,3,No,Travel_Frequently,1,Life Sciences,0
729,42,Male,Married,R&D,1,7944,3,8,28,4,7,4,2,3,Yes,Travel_Frequently,1,Technical,0
730,39,Male,Divorced,HR,1,9404,19,0,35,7,5,1,2,3,No,Non-Travel,4,Life Sciences,0
731,44,Female,Single,Finance,1,2954,19,2,9,2,23,1,1,4,Yes,Non-Travel,5,Other,0
732,30,Female,Divorced,Finance,2,12625,14,4,30,5,18,1,1,4,No,Travel_Frequently,2,Marketing,0
733,50,Female,Single,Finance,5,3629,3,2,5,3,22,1,4,3,No,Travel_Rarely,1,Technical,0
734,51,Male,Married,IT,2,12973,8,3,0,6,8,4,3,4,Yes,Travel_Frequently,2,Life Sciences,0
735,58,Female,Single,Sales,2,8859,6,2,6,9,17,3,3,3,No,Non-Travel,3,Life Sciences,0
736,52,Female,Single,Finance,1,10841,18,3,26,2,20,1,3,3,No,Non-Travel,1,Technical,0
737,18,Male,Divorced,R&D,2,12539,18,0,20,5,27,4,4,4,Yes,Travel_Rarely,4,Medical,0
738,38,Female,Divorced,Finance,1,14682,5,7,27,9,1,3,1,3,No,Travel_Frequently,3,Life Sciences,0
739,23,Female,Married,IT,5,5278,5,3,15,8,14,3,1,4,Yes,Travel_Rarely,5,Technical,0
740,45,Male,Single,Marketing,4,8539,19,6,22,9,17,4,3,3,No,Travel_Rarely,2,Life Sciences,0
741,34,Male,Single,R&D,1,18754,14,1,19,0,10,1,3,4,Yes,Non-Travel,1,Medical,0
742,22,Male,Single,IT,5,2857,14,1,37,2,12,3,4,3,Yes,Travel_Frequently,3,Marketing,0
743,48,Female,Married,Marketing,4,6886,19,5,24,1,16,1,2,4,No,Non-Travel,3,Medical,0
744,22,Female,Married,R&D,3,14945,8,1,27,7,14,1,2,3,No,Travel_Frequently,1,Other,0
745,55,Female,Married,HR,1,9485,3,5,4,6,27,2,3,3,Yes,Non-Travel,5,Technical,0
746,20,Male,Married,Sales,1,15680,17,1,20,1,16,1,4,4,No,Non-Travel,5,Medical,0
747,40,Male,Married,Sales,3,18767,17,3,17,5,8,2,3,3,No,Travel_Frequently,4,Marketing,0
748,54,Female,Divorced,IT,3,16397,4,6,5,2,23,3,2,4,No,Travel_Frequently,5,Life Sciences,0
749,54,Female,Single,Marketing,1,12744,19,7,28,7,28,4,3,4,Yes,Non-Travel,4,Technical,0
750,27,Male,Single,Sales,3,6334,10,2,18,9,10,2,2,3,Yes,Travel_Frequently,3,Medical,0
751,27,Male,Single,Marketing,2,14226,4,8,32,2,29,4,2,3,Yes,Non-Travel,1,Marketing,0
752,36,Male,Single,Marketing,4,15440,3,1,0,9,17,3,2,3,No,Travel_Frequently,5,Medical,0
753,34,Male,Single,IT,4,17020,11,7,2,8,27,1,1,3,No,Non-Travel,4,Other,0
754,38,Female,Single,IT,4,6251,1,7,20,0,29,3,1,4,Yes,Non-Travel,3,Technical,0
755,31,Male,Single,IT,2,14180,12,3,34,4,18,4,3,3,Yes,Non-Travel,5,Life Sciences,0
756,26,Female,Single,Sales,3,18140,9,0,39,2,20,3,2,3,No,Travel_Rarely,2,Marketing,0
757,63,Female,Divorced,IT,5,2922,8,0,2,5,16,1,1,3,No,Travel_Frequently,3,Medical,0
758,18,Female,Single,Sales,3,9957,9,1,24,9,17,3,3,4,No,Non-Travel,5,Technical,0
759,62,Male,Divorced,IT,1,17796,6,8,37,1,16,1,3,3,No,Travel_Rarely,3,Medical,0
760,30,Male,Married,Finance,4,3230,3,1,19,8,19,2,3,4,Yes,Non-Travel,1,Technical,0
761,21,Male,Single,Marketing,3,12627,18,1,33,5,24,4,3,3,No,Travel_Rarely,1,Other,0
762,18,Male,Married,IT,5,12006,9,5,20,6,24,1,3,4,No,Non-Travel,1,Medical,0
763,57,Female,Married,R&D,1,6933,2,6,22,4,8,1,4,3,Yes,Non-Travel,2,Other,0
764,49,Male,Married,Marketing,2,16295,18,6,5,8,6,3,2,3,Yes,Travel_Rarely,1,Marketing,0
765,51,Male,Divorced,Marketing,2,18377,1,8,12,0,6,2,3,4,No,Travel_Rarely,2,Other,0
766,45,Female,Married,IT,5,2203,19,5,22,4,21,1,4,3,Yes,Travel_Frequently,1,Technical,0
767,48,Male,Married,HR,1,18544,9,7,8,9,29,2,2,3,No,Travel_Frequently,3,Marketing,0
768,25,Female,Married,IT,4,17899,1,5,16,5,9,2,1,3,No,Travel_Rarely,5,Medical,0
769,56,Female,Single,Marketing,3,5748,1,1,1,6,4,3,3,4,Yes,Travel_Frequently,5,Medical,0
770,43,Female,Single,R&D,1,8718,16,0,18,3,26,1,4,3,Yes,Travel_Rarely,1,Technical,0
771,51,Female,Divorced,Marketing,2,3093,15,4,18,0,12,3,1,4,No,Travel_Frequently,5,Life Sciences,0
772,20,Female,Divorced,R&D,5,17228,15,8,6,7,28,4,4,4,Yes,Non-Travel,1,Life Sciences,0
773,29,Female,Single,Sales,5,18034,13,7,19,9,12,4,2,4,No,Travel_Frequently,1,Medical,0
774,18,Female,Divorced,Finance,3,7710,6,3,8,3,23,1,2,3,No,Non-Travel,4,Technical,0
775,61,Female,Single,Marketing,5,11732,10,4,16,2,17,2,1,4,No,Non-Travel,4,Life Sciences,0
776,22,Male,Married,IT,5,5191,0,4,26,6,15,1,4,4,Yes,Travel_Frequently,4,Other,0
777,47,Male,Married,Sales,1,2689,10,5,1,1,9,1,3,3,No,Travel_Rarely,2,Medical,0
778,47,Male,Divorced,Finance,4,4103,3,2,35,7,7,4,3,4,No,Non-Travel,4,Other,0
779,34,Male,Single,IT,3,2365,6,4,18,5,10,4,1,4,No,Non-Travel,1,Technical,0
780,64,Female,Single,HR,1,16010,14,1,16,6,16,2,1,3,Yes,Travel_Frequently,3,Other,0
781,40,Male,Divorced,IT,4,13767,17,9,4,4,12,2,1,3,No,Travel_Rarely,4,Life Sciences,0
782,32,Female,Single,R&D,1,18103,11,0,38,8,25,1,4,4,No,Travel_Rarely,4,Life Sciences,0
783,54,Male,Married,R&D,1,14742,16,0,17,4,7,3,3,3,No,Travel_Frequently,3,Marketing,0
784,38,Male,Divorced,HR,5,14391,0,9,6,4,18,1,3,3,Yes,Travel_Rarely,1,Medical,0
785,31,Male,Divorced,Sales,4,6172,10,6,16,2,15,2,3,3,No,Travel_Frequently,2,Technical,0
786,19,Female,Single,Finance,3,17623,0,1,38,0,6,3,1,4,No,Travel_Frequently,4,Medical,0
787,28,Male,Divorced,IT,3,4378,14,3,35,1,26,4,3,4,Yes,Travel_Frequently,3,Other,0
788,56,Female,Single,R&D,4,19589,9,4,39,7,12,2,2,3,Yes,Non-Travel,1,Technical,0
789,55,Female,Single,Sales,5,14031,6,6,3,0,11,2,1,4,No,Non-Travel,5,Technical,0
790,51,Male,Single,HR,2,7669,1,1,37,6,20,3,3,3,No,Non-Travel,2,Life Sciences,0
791,55,Male,Single,Marketing,1,4735,9,5,24,4,3,2,4,3,No,Travel_Frequently,3,Other,0
792,51,Male,Single,R&D,5,11867,3,0,4,2,2,2,1,3,Yes,Non-Travel,3,Life Sciences,0
793,35,Female,Divorced,HR,4,10490,11,6,29,6,6,2,2,3,Yes,Non-Travel,3,Life Sciences,0
794,47,Male,Married,IT,1,2956,18,8,11,8,24,2,2,3,No,Non-Travel,4,Marketing,0
795,32,Female,Married,Finance,3,11306,10,4,3,1,22,2,4,4,Yes,Travel_Frequently,5,Life Sciences,0
796,44,Female,Divorced,R&D,2,8623,7,4,23,7,25,2,4,4,No,Travel_Frequently,2,Medical,0
797,51,Male,Divorced,R&D,3,16908,17,3,28,8,5,2,1,4,No,Travel_Frequently,1,Technical,0
798,55,Male,Married,IT,4,19858,10,2,8,2,18,2,1,4,Yes,Non-Travel,1,Life Sciences,0
799,50,Female,Married,Marketing,1,6460,10,8,3,1,16,4,2,3,No,Travel_Rarely,5,Medical,0
800,41,Female,Married,Sales,4,15986,12,4,23,6,8,2,4,3,Yes,Non-Travel,3,Other,0
